Date,PX_LAST
29/11/2002,833.47
02/12/2002,831.76
03/12/2002,820
04/12/2002,815.67
05/12/2002,806.44
06/12/2002,810.42
09/12/2002,794.43
10/12/2002,801.91
11/12/2002,804.15
12/12/2002,801.18
13/12/2002,793.31
16/12/2002,809.05
17/12/2002,804.57
18/12/2002,791.59
19/12/2002,787.86
20/12/2002,796.21
23/12/2002,798.34
24/12/2002,797.34
25/12/2002,797.1
26/12/2002,797
27/12/2002,784.06
30/12/2002,789.43
31/12/2002,792.21
01/01/2003,792.21
02/01/2003,811.36
03/01/2003,813.91
06/01/2003,829.41
07/01/2003,822.02
08/01/2003,809.47
09/01/2003,822.24
10/01/2003,824.47
13/01/2003,824.67
14/01/2003,830.67
15/01/2003,821.25
16/01/2003,818.89
17/01/2003,808.77
20/01/2003,804.79
21/01/2003,795.88
22/01/2003,786.96
23/01/2003,792.89
24/01/2003,777.97
27/01/2003,761.21
28/01/2003,766.4
29/01/2003,769.99
30/01/2003,762.44
31/01/2003,767.48
03/02/2003,774.55
04/02/2003,764.51
05/02/2003,765.28
06/02/2003,756.98
07/02/2003,750.08
10/02/2003,750.65
11/02/2003,750.68
12/02/2003,742.73
13/02/2003,742.42
14/02/2003,754.25
17/02/2003,758.1
18/02/2003,768.08
19/02/2003,761.16
20/02/2003,757.09
21/02/2003,763.52
24/02/2003,753.14
25/02/2003,747.71
26/02/2003,741.42
27/02/2003,746.79
28/02/2003,752.86
03/03/2003,752.71
04/03/2003,742.54
05/03/2003,745.77
06/03/2003,739.08
07/03/2003,737.98
10/03/2003,721.25
11/03/2003,716.18
12/03/2003,710.79
13/03/2003,732.31
14/03/2003,740.35
17/03/2003,760.21
18/03/2003,762.88
19/03/2003,768.82
20/03/2003,770.8
21/03/2003,785.87
24/03/2003,764.79
25/03/2003,771.8
26/03/2003,770.1
27/03/2003,766.6
28/03/2003,762.95
31/03/2003,748.63
01/04/2003,756.64
02/04/2003,773.24
03/04/2003,771.6
04/04/2003,774.86
07/04/2003,782.85
08/04/2003,778.79
09/04/2003,771.81
10/04/2003,772.94
11/04/2003,770.3
14/04/2003,781.18
15/04/2003,789.09
16/04/2003,782.68
17/04/2003,792.66
18/04/2003,792.77
21/04/2003,790.63
22/04/2003,803.89
23/04/2003,810.8
24/04/2003,805.3
25/04/2003,794.41
28/04/2003,806.67
29/04/2003,808.14
30/04/2003,813.3
01/05/2003,814.95
02/05/2003,822.5
05/05/2003,824.16
06/05/2003,834.83
07/05/2003,830.66
08/05/2003,821.62
09/05/2003,831.39
12/05/2003,839.97
13/05/2003,838.57
14/05/2003,838.03
15/05/2003,843.04
16/05/2003,844.29
19/05/2003,826.25
20/05/2003,826.13
21/05/2003,826.24
22/05/2003,834.24
23/05/2003,836.94
26/05/2003,837.79
27/05/2003,847.74
28/05/2003,850.66
29/05/2003,852.53
30/05/2003,857.65
02/06/2003,865.51
03/06/2003,865.87
04/06/2003,875.96
05/06/2003,881.73
06/06/2003,883.29
09/06/2003,875.65
10/06/2003,879.57
11/06/2003,892.27
12/06/2003,894.31
13/06/2003,887.46
16/06/2003,903.27
17/06/2003,907.26
18/06/2003,905.35
19/06/2003,893.21
20/06/2003,894.19
23/06/2003,880.92
24/06/2003,877.85
25/06/2003,876.46
26/06/2003,877.82
27/06/2003,874.18
30/06/2003,871.07
01/07/2003,874.43
02/07/2003,886.36
03/07/2003,885.82
04/07/2003,883.66
07/07/2003,897.99
08/07/2003,898.61
09/07/2003,894.79
10/07/2003,884.99
11/07/2003,889.53
14/07/2003,897.45
15/07/2003,892.5
16/07/2003,886.41
17/07/2003,874.81
18/07/2003,881.67
21/07/2003,874.57
22/07/2003,880.35
23/07/2003,884
24/07/2003,885.98
25/07/2003,894.61
28/07/2003,896.44
29/07/2003,891.69
30/07/2003,886.78
31/07/2003,887.78
01/08/2003,880.79
04/08/2003,880.93
05/08/2003,872.99
06/08/2003,869.98
07/08/2003,875.53
08/08/2003,878.4
11/08/2003,882.79
12/08/2003,889.21
13/08/2003,887.78
14/08/2003,894.79
15/08/2003,895.26
18/08/2003,901.28
19/08/2003,902.64
20/08/2003,903.24
21/08/2003,904.56
22/08/2003,897.74
25/08/2003,896.49
26/08/2003,895.16
27/08/2003,897.03
28/08/2003,901.24
29/08/2003,905.32
01/09/2003,910.64
02/09/2003,916.59
03/09/2003,922.91
04/09/2003,924.45
05/09/2003,922.87
08/09/2003,931.58
09/09/2003,927.77
10/09/2003,918.01
11/09/2003,919.34
12/09/2003,922.99
15/09/2003,921.6
16/09/2003,931.85
17/09/2003,933.32
18/09/2003,944.1
19/09/2003,942.48
22/09/2003,932.75
23/09/2003,935.67
24/09/2003,925.68
25/09/2003,918.89
26/09/2003,912.19
29/09/2003,916.9
30/09/2003,909.64
01/10/2003,928.39
02/10/2003,933.33
03/10/2003,944.23
06/10/2003,946.83
07/10/2003,951.58
08/10/2003,947.36
09/10/2003,953.81
10/10/2003,956.27
13/10/2003,961.55
14/10/2003,964.3
15/10/2003,963.25
16/10/2003,967.05
17/10/2003,959.43
20/10/2003,963.09
21/10/2003,965.06
22/10/2003,953.54
23/10/2003,947.08
24/10/2003,946.11
27/10/2003,949.99
28/10/2003,960.51
29/10/2003,963.82
30/10/2003,964.59
31/10/2003,962.71
03/11/2003,966.84
04/11/2003,967.23
05/11/2003,964.09
06/11/2003,964.5
07/11/2003,967.33
10/11/2003,962.82
11/11/2003,958.32
12/11/2003,968.24
13/11/2003,972.73
14/11/2003,970.02
17/11/2003,957.91
18/11/2003,956.49
19/11/2003,957.42
20/11/2003,954.12
21/11/2003,955.98
24/11/2003,965.54
25/11/2003,968.17
26/11/2003,974.72
27/11/2003,975.7
28/11/2003,976.02
01/12/2003,988.27
02/12/2003,989.35
03/12/2003,990.53
04/12/2003,992.25
05/12/2003,987.82
08/12/2003,990.69
09/12/2003,987.48
10/12/2003,983.09
11/12/2003,989.47
12/12/2003,995.22
15/12/2003,995.88
16/12/2003,997.06
17/12/2003,997.98
18/12/2003,1007.17
19/12/2003,1008.52
22/12/2003,1012.46
23/12/2003,1015.89
24/12/2003,1016.7
25/12/2003,1016.74
26/12/2003,1018.31
29/12/2003,1028.18
30/12/2003,1032.26
31/12/2003,1036.32
01/01/2004,1036.32
02/01/2004,1038.06
05/01/2004,1051.89
06/01/2004,1054.33
07/01/2004,1052.09
08/01/2004,1059.44
09/01/2004,1056.78
12/01/2004,1058.01
13/01/2004,1054.6
14/01/2004,1059.7
15/01/2004,1056.72
16/01/2004,1059.63
19/01/2004,1060.77
20/01/2004,1065
21/01/2004,1072.51
22/01/2004,1073.71
23/01/2004,1071.69
26/01/2004,1073.84
27/01/2004,1069.61
28/01/2004,1061.35
29/01/2004,1053.87
30/01/2004,1052.29
02/02/2004,1055.64
03/02/2004,1057.78
04/02/2004,1048.38
05/02/2004,1051.36
06/02/2004,1064.2
09/02/2004,1066
10/02/2004,1069.77
11/02/2004,1076.26
12/02/2004,1078.05
13/02/2004,1074.32
16/02/2004,1075.35
17/02/2004,1085.8
18/02/2004,1082.28
19/02/2004,1079.22
20/02/2004,1070.73
23/02/2004,1070.41
24/02/2004,1067.68
25/02/2004,1067.52
26/02/2004,1066.04
27/02/2004,1068.65
01/03/2004,1081.08
02/03/2004,1074.82
03/03/2004,1069.36
04/03/2004,1074.16
05/03/2004,1082.16
08/03/2004,1075.52
09/03/2004,1071.22
10/03/2004,1055.03
11/03/2004,1037.08
12/03/2004,1041.93
15/03/2004,1030.14
16/03/2004,1039.73
17/03/2004,1049.56
18/03/2004,1050.84
19/03/2004,1043.96
22/03/2004,1030.27
23/03/2004,1028.75
24/03/2004,1025.89
25/03/2004,1039.87
26/03/2004,1039.98
29/03/2004,1052.71
30/03/2004,1055.98
31/03/2004,1059.16
01/04/2004,1068.47
02/04/2004,1073.33
05/04/2004,1077.05
06/04/2004,1075.62
07/04/2004,1074.76
08/04/2004,1073.28
09/04/2004,1071.68
12/04/2004,1075.59
13/04/2004,1064.56
14/04/2004,1056.3
15/04/2004,1054.62
16/04/2004,1062.59
19/04/2004,1062.89
20/04/2004,1054.72
21/04/2004,1052.08
22/04/2004,1061.69
23/04/2004,1063.69
26/04/2004,1063.66
27/04/2004,1064.15
28/04/2004,1048.31
29/04/2004,1042.88
30/04/2004,1035.66
03/05/2004,1041.7
04/05/2004,1049.17
05/05/2004,1053.89
06/05/2004,1041.64
07/05/2004,1025.13
10/05/2004,1001.66
11/05/2004,1008.61
12/05/2004,1012.06
13/05/2004,1009.33
14/05/2004,1006.94
17/05/2004,997.02
18/05/2004,1003.91
19/05/2004,1014.13
20/05/2004,1008.61
21/05/2004,1016.32
24/05/2004,1017.58
25/05/2004,1027.88
26/05/2004,1033.01
27/05/2004,1043.9
28/05/2004,1041.85
31/05/2004,1042.63
01/06/2004,1041.63
02/06/2004,1044.9
03/06/2004,1037.84
04/06/2004,1043.43
07/06/2004,1061.62
08/06/2004,1062.66
09/06/2004,1051.61
10/06/2004,1055.64
11/06/2004,1052.18
14/06/2004,1042.39
15/06/2004,1048.33
16/06/2004,1052.4
17/06/2004,1053.16
18/06/2004,1056.67
21/06/2004,1054.89
22/06/2004,1053.22
23/06/2004,1059.49
24/06/2004,1064.66
25/06/2004,1059.65
28/06/2004,1063.59
29/06/2004,1061.01
30/06/2004,1062.51
01/07/2004,1056.45
02/07/2004,1054.75
05/07/2004,1051.76
06/07/2004,1045.17
07/07/2004,1048.48
08/07/2004,1044.66
09/07/2004,1047.73
12/07/2004,1048.75
13/07/2004,1046.97
14/07/2004,1044.65
15/07/2004,1038.09
16/07/2004,1039.2
19/07/2004,1037.69
20/07/2004,1039.62
21/07/2004,1030.26
22/07/2004,1027.72
23/07/2004,1016.78
26/07/2004,1012.91
27/07/2004,1016.54
28/07/2004,1017.89
29/07/2004,1024.31
30/07/2004,1026.99
02/08/2004,1029.56
03/08/2004,1027.71
04/08/2004,1022.5
05/08/2004,1013.36
06/08/2004,1003.81
09/08/2004,1000.77
10/08/2004,1011
11/08/2004,1005.12
12/08/2004,997.73
13/08/2004,999.32
16/08/2004,1008.44
17/08/2004,1010.98
18/08/2004,1018.04
19/08/2004,1020.51
20/08/2004,1023.34
23/08/2004,1022.95
24/08/2004,1020.92
25/08/2004,1026.45
26/08/2004,1029.26
27/08/2004,1032.6
30/08/2004,1026.99
31/08/2004,1029.63
01/09/2004,1034.35
02/09/2004,1041.49
03/09/2004,1036.24
06/09/2004,1040.02
07/09/2004,1045.13
08/09/2004,1043.59
09/09/2004,1042.29
10/09/2004,1049.52
13/09/2004,1052.73
14/09/2004,1055.04
15/09/2004,1044.59
16/09/2004,1047.8
17/09/2004,1051.62
20/09/2004,1047.57
21/09/2004,1055.97
22/09/2004,1045.29
23/09/2004,1042.2
24/09/2004,1041.53
27/09/2004,1035.59
28/09/2004,1040.56
29/09/2004,1044.86
30/09/2004,1047.86
01/10/2004,1062.85
04/10/2004,1066.11
05/10/2004,1067.62
06/10/2004,1071.9
07/10/2004,1064.87
08/10/2004,1064.1
11/10/2004,1064.65
12/10/2004,1056.89
13/10/2004,1051.66
14/10/2004,1047.01
15/10/2004,1051.22
18/10/2004,1053.42
19/10/2004,1052.38
20/10/2004,1051.09
21/10/2004,1054.67
22/10/2004,1049.82
25/10/2004,1047.08
26/10/2004,1056.37
27/10/2004,1068.28
28/10/2004,1072.65
29/10/2004,1072.7
01/11/2004,1075.62
02/11/2004,1078.92
03/11/2004,1090.38
04/11/2004,1102.02
05/11/2004,1108.5
08/11/2004,1107.6
09/11/2004,1105.49
10/11/2004,1104.67
11/11/2004,1112.22
12/11/2004,1122.84
15/11/2004,1124.59
16/11/2004,1119.35
17/11/2004,1128.17
18/11/2004,1127.01
19/11/2004,1121.2
22/11/2004,1120.44
23/11/2004,1121.92
24/11/2004,1127.1
25/11/2004,1132.96
26/11/2004,1132.84
29/11/2004,1132.53
30/11/2004,1127.34
01/12/2004,1139.47
02/12/2004,1141.06
03/12/2004,1144.32
06/12/2004,1142.74
07/12/2004,1135.33
08/12/2004,1130.69
09/12/2004,1129.51
10/12/2004,1128.09
13/12/2004,1139.6
14/12/2004,1142.97
15/12/2004,1150.46
16/12/2004,1146.06
17/12/2004,1139.29
20/12/2004,1146.19
21/12/2004,1150.14
22/12/2004,1155.54
23/12/2004,1159.71
24/12/2004,1163.05
27/12/2004,1162.89
28/12/2004,1167.72
29/12/2004,1165.81
30/12/2004,1169.98
31/12/2004,1169.34
03/01/2005,1161.53
04/01/2005,1148.83
05/01/2005,1142.25
06/01/2005,1142.08
07/01/2005,1139.91
10/01/2005,1144.15
11/01/2005,1141.11
12/01/2005,1145.9
13/01/2005,1138.8
14/01/2005,1141.07
17/01/2005,1143.16
18/01/2005,1146.44
19/01/2005,1141.45
20/01/2005,1130.99
21/01/2005,1128.22
24/01/2005,1128.37
25/01/2005,1128.65
26/01/2005,1137.96
27/01/2005,1137.93
28/01/2005,1133.39
31/01/2005,1142.35
01/02/2005,1147.97
02/02/2005,1152.68
03/02/2005,1147.04
04/02/2005,1157.97
07/02/2005,1156.23
08/02/2005,1154.03
09/02/2005,1149.08
10/02/2005,1156.07
11/02/2005,1163.3
14/02/2005,1168.62
15/02/2005,1172.32
16/02/2005,1169.65
17/02/2005,1167.53
18/02/2005,1169.16
21/02/2005,1169.36
22/02/2005,1162.93
23/02/2005,1160.74
24/02/2005,1165.43
25/02/2005,1177.14
28/02/2005,1176.7
01/03/2005,1179.96
02/03/2005,1177.94
03/03/2005,1178.78
04/03/2005,1192.43
07/03/2005,1192.3
08/03/2005,1193
09/03/2005,1185.56
10/03/2005,1183.33
11/03/2005,1181.57
14/03/2005,1180.8
15/03/2005,1178.02
16/03/2005,1172.15
17/03/2005,1170.85
18/03/2005,1169.19
21/03/2005,1162.08
22/03/2005,1157.41
23/03/2005,1147.59
24/03/2005,1146.52
25/03/2005,1147.04
28/03/2005,1145.63
29/03/2005,1140.06
30/03/2005,1148.34
31/03/2005,1151.18
01/04/2005,1148.16
04/04/2005,1142.45
05/04/2005,1149.17
06/04/2005,1152.67
07/04/2005,1159.55
08/04/2005,1153.65
11/04/2005,1155.58
12/04/2005,1154.08
13/04/2005,1149.37
14/04/2005,1137.41
15/04/2005,1123.82
18/04/2005,1117.01
19/04/2005,1126.47
20/04/2005,1118.48
21/04/2005,1129.82
22/04/2005,1129.86
25/04/2005,1134.12
26/04/2005,1126.47
27/04/2005,1123.71
28/04/2005,1114.97
29/04/2005,1123.64
02/05/2005,1125.76
03/05/2005,1127.68
04/05/2005,1140.22
05/05/2005,1140.43
06/05/2005,1140.61
09/05/2005,1141.96
10/05/2005,1134.25
11/05/2005,1133.11
12/05/2005,1124.7
13/05/2005,1118.4
16/05/2005,1120.59
17/05/2005,1124.65
18/05/2005,1135.01
19/05/2005,1141.37
20/05/2005,1137.93
23/05/2005,1144.61
24/05/2005,1144.97
25/05/2005,1141.27
26/05/2005,1145.28
27/05/2005,1147.67
30/05/2005,1148.84
31/05/2005,1140.68
01/06/2005,1148.82
02/06/2005,1150.76
03/06/2005,1146.65
06/06/2005,1147.58
07/06/2005,1150.67
08/06/2005,1151.04
09/06/2005,1148.39
10/06/2005,1147.4
13/06/2005,1146.58
14/06/2005,1149.3
15/06/2005,1152.59
16/06/2005,1157.27
17/06/2005,1166.84
20/06/2005,1163.13
21/06/2005,1164.14
22/06/2005,1165.04
23/06/2005,1157.16
24/06/2005,1149.81
27/06/2005,1147.08
28/06/2005,1153.87
29/06/2005,1153.77
30/06/2005,1148.81
01/07/2005,1147.83
04/07/2005,1147.49
05/07/2005,1151.99
06/07/2005,1149.99
07/07/2005,1145.16
08/07/2005,1156.7
11/07/2005,1168.24
12/07/2005,1173.61
13/07/2005,1171.4
14/07/2005,1175.49
15/07/2005,1173.75
18/07/2005,1170.75
19/07/2005,1173.4
20/07/2005,1176.35
21/07/2005,1179.11
22/07/2005,1182.14
25/07/2005,1178.78
26/07/2005,1177.8
27/07/2005,1183.33
28/07/2005,1190.04
29/07/2005,1188.16
01/08/2005,1192.05
02/08/2005,1201.07
03/08/2005,1204.74
04/08/2005,1198.23
05/08/2005,1187.88
08/08/2005,1189.96
09/08/2005,1196.36
10/08/2005,1203.61
11/08/2005,1212
12/08/2005,1208.2
15/08/2005,1207.45
16/08/2005,1198.41
17/08/2005,1195.97
18/08/2005,1187.98
19/08/2005,1190.99
22/08/2005,1198.71
23/08/2005,1193.4
24/08/2005,1189.09
25/08/2005,1189.05
26/08/2005,1184.73
29/08/2005,1184.89
30/08/2005,1181.43
31/08/2005,1194.81
01/09/2005,1206.31
02/09/2005,1207.35
05/09/2005,1209.86
06/09/2005,1218.8
07/09/2005,1220.61
08/09/2005,1215.6
09/09/2005,1225.59
12/09/2005,1222.77
13/09/2005,1214.61
14/09/2005,1215.58
15/09/2005,1214.25
16/09/2005,1220.98
19/09/2005,1217.01
20/09/2005,1215.62
21/09/2005,1208.63
22/09/2005,1205.75
23/09/2005,1204.53
26/09/2005,1211.52
27/09/2005,1207.47
28/09/2005,1213.59
29/09/2005,1221.83
30/09/2005,1224.31
03/10/2005,1220.77
04/10/2005,1216.46
05/10/2005,1200.79
06/10/2005,1193.67
07/10/2005,1193.97
10/10/2005,1188.2
11/10/2005,1188.74
12/10/2005,1182.56
13/10/2005,1173.85
14/10/2005,1183.86
17/10/2005,1183.66
18/10/2005,1171.68
19/10/2005,1175.27
20/10/2005,1167.33
21/10/2005,1168.08
24/10/2005,1180.77
25/10/2005,1184.79
26/10/2005,1182.94
27/10/2005,1175.41
28/10/2005,1182.67
31/10/2005,1193.88
01/11/2005,1194.77
02/11/2005,1205.81
03/11/2005,1212.8
04/11/2005,1207.15
07/11/2005,1209.5
08/11/2005,1206.97
09/11/2005,1206
10/11/2005,1210.53
11/11/2005,1216.39
14/11/2005,1213.6
15/11/2005,1208.2
16/11/2005,1208
17/11/2005,1221.33
18/11/2005,1227.14
21/11/2005,1234.08
22/11/2005,1236.46
23/11/2005,1243.8
24/11/2005,1243
25/11/2005,1243.4
28/11/2005,1238.79
29/11/2005,1237.87
30/11/2005,1231.41
01/12/2005,1244.46
02/12/2005,1249.71
05/12/2005,1249.72
06/12/2005,1252.67
07/12/2005,1248.2
08/12/2005,1248.68
09/12/2005,1252.59
12/12/2005,1260.55
13/12/2005,1264.89
14/12/2005,1270.94
15/12/2005,1264.65
16/12/2005,1267.83
19/12/2005,1263.55
20/12/2005,1262.17
21/12/2005,1265.17
22/12/2005,1270.02
23/12/2005,1270.98
26/12/2005,1271.84
27/12/2005,1264.09
28/12/2005,1268.08
29/12/2005,1266.53
30/12/2005,1257.78
02/01/2006,1259.11
03/01/2006,1281.3
04/01/2006,1295.11
05/01/2006,1295.4
06/01/2006,1308.15
09/01/2006,1309.42
10/01/2006,1304.19
11/01/2006,1311.64
12/01/2006,1307.64
13/01/2006,1306.77
16/01/2006,1307.43
17/01/2006,1295.45
18/01/2006,1285.17
19/01/2006,1296.51
20/01/2006,1281.7
23/01/2006,1286.6
24/01/2006,1289.02
25/01/2006,1291.06
26/01/2006,1301.38
27/01/2006,1311.68
30/01/2006,1311.63
31/01/2006,1313.21
01/02/2006,1314.58
02/02/2006,1304.52
03/02/2006,1296.13
06/02/2006,1297.85
07/02/2006,1289.58
08/02/2006,1288.61
09/02/2006,1293.82
10/02/2006,1291.21
13/02/2006,1286.07
14/02/2006,1293.62
15/02/2006,1295.82
16/02/2006,1303.18
17/02/2006,1301.88
20/02/2006,1302.39
21/02/2006,1302.69
22/02/2006,1308.6
23/02/2006,1311.66
24/02/2006,1313.12
27/02/2006,1319.07
28/02/2006,1309.45
01/03/2006,1316.33
02/03/2006,1314.16
03/03/2006,1311.7
06/03/2006,1308.7
07/03/2006,1298.58
08/03/2006,1295.72
09/03/2006,1299.06
10/03/2006,1303.84
13/03/2006,1312.83
14/03/2006,1325.38
15/03/2006,1330.39
16/03/2006,1334.48
17/03/2006,1338.58
20/03/2006,1340.15
21/03/2006,1332.26
22/03/2006,1337.32
23/03/2006,1330.18
24/03/2006,1335.52
27/03/2006,1333.87
28/03/2006,1328.8
29/03/2006,1332.29
30/03/2006,1342.93
31/03/2006,1335.07
03/04/2006,1343.34
04/04/2006,1350.58
05/04/2006,1356.25
06/04/2006,1358.55
07/04/2006,1346.29
10/04/2006,1347.24
11/04/2006,1337.23
12/04/2006,1333.49
13/04/2006,1334.9
14/04/2006,1334.98
17/04/2006,1339.33
18/04/2006,1353.87
19/04/2006,1363.39
20/04/2006,1363.76
21/04/2006,1370.01
24/04/2006,1365.41
25/04/2006,1364.39
26/04/2006,1369.51
27/04/2006,1374.53
28/04/2006,1373.38
01/05/2006,1375.21
02/05/2006,1385.43
03/05/2006,1377.58
04/05/2006,1383.95
05/05/2006,1399.6
08/05/2006,1402.19
09/05/2006,1406.28
10/05/2006,1402.55
11/05/2006,1391.15
12/05/2006,1373.12
15/05/2006,1363.72
16/05/2006,1360.57
17/05/2006,1336.15
18/05/2006,1325.07
19/05/2006,1321.98
22/05/2006,1308.23
23/05/2006,1314.31
24/05/2006,1306.63
25/05/2006,1319.74
26/05/2006,1332.43
29/05/2006,1334.57
30/05/2006,1319.75
31/05/2006,1322.25
01/06/2006,1332.02
02/06/2006,1342.76
05/06/2006,1326.15
06/06/2006,1306.01
07/06/2006,1298.13
08/06/2006,1276.07
09/06/2006,1283.85
12/06/2006,1269.59
13/06/2006,1243.94
14/06/2006,1250.88
15/06/2006,1277.06
16/06/2006,1278.1
19/06/2006,1269.09
20/06/2006,1270.34
21/06/2006,1280.15
22/06/2006,1279.57
23/06/2006,1277.43
26/06/2006,1281.2
27/06/2006,1274.31
28/06/2006,1273.37
29/06/2006,1299.16
30/06/2006,1319.93
03/07/2006,1327.96
04/07/2006,1330.69
05/07/2006,1313.97
06/07/2006,1320.02
07/07/2006,1319.11
10/07/2006,1319.84
11/07/2006,1318.01
12/07/2006,1305.85
13/07/2006,1289.9
14/07/2006,1274.68
17/07/2006,1266.1
18/07/2006,1260.98
19/07/2006,1285.12
20/07/2006,1288.24
21/07/2006,1279.85
24/07/2006,1295.76
25/07/2006,1303.93
26/07/2006,1303.99
27/07/2006,1313.62
28/07/2006,1328.16
31/07/2006,1327.23
01/08/2006,1318.66
02/08/2006,1330.66
03/08/2006,1327.09
04/08/2006,1335.69
07/08/2006,1324.4
08/08/2006,1324.23
09/08/2006,1326.96
10/08/2006,1322.28
11/08/2006,1318.5
14/08/2006,1323.13
15/08/2006,1338.81
16/08/2006,1351.79
17/08/2006,1354.75
18/08/2006,1354.91
21/08/2006,1354.35
22/08/2006,1354.18
23/08/2006,1348.5
24/08/2006,1348.52
25/08/2006,1345.06
28/08/2006,1350.51
29/08/2006,1353.58
30/08/2006,1358.7
31/08/2006,1358.87
01/09/2006,1365.17
04/09/2006,1373.02
05/09/2006,1370.82
06/09/2006,1355.84
07/09/2006,1343.01
08/09/2006,1344.48
11/09/2006,1337.72
12/09/2006,1349.31
13/09/2006,1353.52
14/09/2006,1356.58
15/09/2006,1355.1
18/09/2006,1357.59
19/09/2006,1354.82
20/09/2006,1359.43
21/09/2006,1360.11
22/09/2006,1354.46
25/09/2006,1357.27
26/09/2006,1364.75
27/09/2006,1373.84
28/09/2006,1375.82
29/09/2006,1373.37
02/10/2006,1375.57
03/10/2006,1373.27
04/10/2006,1381.24
05/10/2006,1390.59
06/10/2006,1383.81
09/10/2006,1385.52
10/10/2006,1387.72
11/10/2006,1385.17
12/10/2006,1394.94
13/10/2006,1398.12
16/10/2006,1405.17
17/10/2006,1397.96
18/10/2006,1401.88
19/10/2006,1406.38
20/10/2006,1409.58
23/10/2006,1414.45
24/10/2006,1414.91
25/10/2006,1421.22
26/10/2006,1430.04
27/10/2006,1424.88
30/10/2006,1420.79
31/10/2006,1422.93
01/11/2006,1419.29
02/11/2006,1416.78
03/11/2006,1413.91
06/11/2006,1427.17
07/11/2006,1436.01
08/11/2006,1433.31
09/11/2006,1428.56
10/11/2006,1431.87
13/11/2006,1430.22
14/11/2006,1436.75
15/11/2006,1440.88
16/11/2006,1442.01
17/11/2006,1439.75
20/11/2006,1435.6
21/11/2006,1439.38
22/11/2006,1449.08
23/11/2006,1449.63
24/11/2006,1447.92
27/11/2006,1432.77
28/11/2006,1433.7
29/11/2006,1450.33
30/11/2006,1455.17
01/12/2006,1452.99
04/12/2006,1462.03
05/12/2006,1467.55
06/12/2006,1469.25
07/12/2006,1468.72
08/12/2006,1469.49
11/12/2006,1469.07
12/12/2006,1471.44
13/12/2006,1474.73
14/12/2006,1483.74
15/12/2006,1483.77
18/12/2006,1479.96
19/12/2006,1479.93
20/12/2006,1483.75
21/12/2006,1479.41
22/12/2006,1472.99
25/12/2006,1472.42
26/12/2006,1474.82
27/12/2006,1486.32
28/12/2006,1486.64
29/12/2006,1483.58
01/01/2007,1483.58
02/01/2007,1494.32
03/01/2007,1488.63
04/01/2007,1484.35
05/01/2007,1469.8
08/01/2007,1471.38
09/01/2007,1472.73
10/01/2007,1465.34
11/01/2007,1475.49
12/01/2007,1487.56
15/01/2007,1493.32
16/01/2007,1490.2
17/01/2007,1490.64
18/01/2007,1487.81
19/01/2007,1493.56
22/01/2007,1490.11
23/01/2007,1496.53
24/01/2007,1505.98
25/01/2007,1495.44
26/01/2007,1487.3
29/01/2007,1488.97
30/01/2007,1496.76
31/01/2007,1500.23
01/02/2007,1514.09
02/02/2007,1515.72
05/02/2007,1512.41
06/02/2007,1517.53
07/02/2007,1522.24
08/02/2007,1516.79
09/02/2007,1513.76
12/02/2007,1506.23
13/02/2007,1517.24
14/02/2007,1533.83
15/02/2007,1538.96
16/02/2007,1536.74
19/02/2007,1539.38
20/02/2007,1540.35
21/02/2007,1534.37
22/02/2007,1535.93
23/02/2007,1538.93
26/02/2007,1541.71
27/02/2007,1503.42
28/02/2007,1490.44
01/03/2007,1481.53
02/03/2007,1470.04
05/03/2007,1447.57
06/03/2007,1467.82
07/03/2007,1470.37
08/03/2007,1483.5
09/03/2007,1485.23
12/03/2007,1490.44
13/03/2007,1469.55
14/03/2007,1456.19
15/03/2007,1471.29
16/03/2007,1469.67
19/03/2007,1486.49
20/03/2007,1496.91
21/03/2007,1512.18
22/03/2007,1524.83
23/03/2007,1526.85
26/03/2007,1525.06
27/03/2007,1518.37
28/03/2007,1510.35
29/03/2007,1515.94
30/03/2007,1514.18
02/04/2007,1518.17
03/04/2007,1532.39
04/04/2007,1538.17
05/04/2007,1542.41
06/04/2007,1542.02
09/04/2007,1540.71
10/04/2007,1549.78
11/04/2007,1544.24
12/04/2007,1548.97
13/04/2007,1553.66
16/04/2007,1571.64
17/04/2007,1574.45
18/04/2007,1576.04
19/04/2007,1569.6
20/04/2007,1583.14
23/04/2007,1579.77
24/04/2007,1576.66
25/04/2007,1587.76
26/04/2007,1585.76
27/04/2007,1584.09
30/04/2007,1577.86
01/05/2007,1575.91
02/05/2007,1585.85
03/05/2007,1589.88
04/05/2007,1597.44
07/05/2007,1605.4
08/05/2007,1596.11
09/05/2007,1602.48
10/05/2007,1584.5
11/05/2007,1593.84
14/05/2007,1593.21
15/05/2007,1594.4
16/05/2007,1598.2
17/05/2007,1595.41
18/05/2007,1604.62
21/05/2007,1605.41
22/05/2007,1607.11
23/05/2007,1612.6
24/05/2007,1596.96
25/05/2007,1599.4
28/05/2007,1601.21
29/05/2007,1605.75
30/05/2007,1608.61
31/05/2007,1616.87
01/06/2007,1625.22
04/06/2007,1630.06
05/06/2007,1624.57
06/06/2007,1607.75
07/06/2007,1584.77
08/06/2007,1585.93
11/06/2007,1591.33
12/06/2007,1578.06
13/06/2007,1589.47
14/06/2007,1603.09
15/06/2007,1619.22
18/06/2007,1619.39
19/06/2007,1619.85
20/06/2007,1611.23
21/06/2007,1610.32
22/06/2007,1598.1
25/06/2007,1593.49
26/06/2007,1587.83
27/06/2007,1588.19
28/06/2007,1596.36
29/06/2007,1602.36
02/07/2007,1616.87
03/07/2007,1624.39
04/07/2007,1627.41
05/07/2007,1624.26
06/07/2007,1631.37
09/07/2007,1635.76
10/07/2007,1622.9
11/07/2007,1625.1
12/07/2007,1646.21
13/07/2007,1654.8
16/07/2007,1654.05
17/07/2007,1651.85
18/07/2007,1643.92
19/07/2007,1654.91
20/07/2007,1642.2
23/07/2007,1645.82
24/07/2007,1622.69
25/07/2007,1614.79
26/07/2007,1579.15
27/07/2007,1555.57
30/07/2007,1564.22
31/07/2007,1565.81
01/08/2007,1556.33
02/08/2007,1564.86
03/08/2007,1542.18
06/08/2007,1554.46
07/08/2007,1563.85
08/08/2007,1589.53
09/08/2007,1554.91
10/08/2007,1531.42
13/08/2007,1539.5
14/08/2007,1517.38
15/08/2007,1494.53
16/08/2007,1473.37
17/08/2007,1498.24
20/08/2007,1507.46
21/08/2007,1513.31
22/08/2007,1531.75
23/08/2007,1540.08
24/08/2007,1552.63
27/08/2007,1548.48
28/08/2007,1520.88
29/08/2007,1536.98
30/08/2007,1540.42
31/08/2007,1561.59
03/09/2007,1562.64
04/09/2007,1572.91
05/09/2007,1555.99
06/09/2007,1563.25
07/09/2007,1542.64
10/09/2007,1533.72
11/09/2007,1555.39
12/09/2007,1559.47
13/09/2007,1568.87
14/09/2007,1566.52
17/09/2007,1554.12
18/09/2007,1579.56
19/09/2007,1609.85
20/09/2007,1609.96
21/09/2007,1614.11
24/09/2007,1611.84
25/09/2007,1609.75
26/09/2007,1616.57
27/09/2007,1631.3
28/09/2007,1633.58
01/10/2007,1649.1
02/10/2007,1650.31
03/10/2007,1647.82
04/10/2007,1648.63
05/10/2007,1663.74
08/10/2007,1655.18
09/10/2007,1667.34
10/10/2007,1670.27
11/10/2007,1675.17
12/10/2007,1675.29
15/10/2007,1664.8
16/10/2007,1647.85
17/10/2007,1653.1
18/10/2007,1655.65
19/10/2007,1627.42
22/10/2007,1614.69
23/10/2007,1633.44
24/10/2007,1627.85
25/10/2007,1635.48
26/10/2007,1658.95
29/10/2007,1672.61
30/10/2007,1663.89
31/10/2007,1682.35
01/11/2007,1653.25
02/11/2007,1647.07
05/11/2007,1634.74
06/11/2007,1651.59
07/11/2007,1630.32
08/11/2007,1621.03
09/11/2007,1598.08
12/11/2007,1576.25
13/11/2007,1601.81
14/11/2007,1607.88
15/11/2007,1585.16
16/11/2007,1581.1
19/11/2007,1555.75
20/11/2007,1570.74
21/11/2007,1542.57
22/11/2007,1547.2
23/11/2007,1566.9
26/11/2007,1553.55
27/11/2007,1561.93
28/11/2007,1592.2
29/11/2007,1601.57
30/11/2007,1610.94
03/12/2007,1604.06
04/12/2007,1593.08
05/12/2007,1609.85
06/12/2007,1623.89
07/12/2007,1630.05
10/12/2007,1641.14
11/12/2007,1619.77
12/12/2007,1622.88
13/12/2007,1601.35
14/12/2007,1582.12
17/12/2007,1552.77
18/12/2007,1556.84
19/12/2007,1552.42
20/12/2007,1556.93
21/12/2007,1580.55
24/12/2007,1589.45
25/12/2007,1592.4
26/12/2007,1598.19
27/12/2007,1590.15
28/12/2007,1594.79
31/12/2007,1588.8
01/01/2008,1588.8
02/01/2008,1578.13
03/01/2008,1576.46
04/01/2008,1543.31
07/01/2008,1537.14
08/01/2008,1526.91
09/01/2008,1529.69
10/01/2008,1529.88
11/01/2008,1515.93
14/01/2008,1530.29
15/01/2008,1494.11
16/01/2008,1469.56
17/01/2008,1448.79
18/01/2008,1437.8
21/01/2008,1395.29
22/01/2008,1391.49
23/01/2008,1397.17
24/01/2008,1440.02
25/01/2008,1438.96
28/01/2008,1443.39
29/01/2008,1458.25
30/01/2008,1449.37
31/01/2008,1466.35
01/02/2008,1487.56
04/02/2008,1484.32
05/02/2008,1436.18
06/02/2008,1425.07
07/02/2008,1416.49
08/02/2008,1414.58
11/02/2008,1414.45
12/02/2008,1438.12
13/02/2008,1445.47
14/02/2008,1445.96
15/02/2008,1439.5
18/02/2008,1445.87
19/02/2008,1453.42
20/02/2008,1443.24
21/02/2008,1447.35
22/02/2008,1448.93
25/02/2008,1471.83
26/02/2008,1487.42
27/02/2008,1498.2
28/02/2008,1485.42
29/02/2008,1455.56
03/03/2008,1441.75
04/03/2008,1432.95
05/03/2008,1444.99
06/03/2008,1429.81
07/03/2008,1411.27
10/03/2008,1390.81
11/03/2008,1420.85
12/03/2008,1430.93
13/03/2008,1428.62
14/03/2008,1407.99
17/03/2008,1378.56
18/03/2008,1424.58
19/03/2008,1400.35
20/03/2008,1404.41
21/03/2008,1406.98
24/03/2008,1417.09
25/03/2008,1448.57
26/03/2008,1446.74
27/03/2008,1443.66
28/03/2008,1435.62
31/03/2008,1437.4
01/04/2008,1467.76
02/04/2008,1481.23
03/04/2008,1485.48
04/04/2008,1492.57
07/04/2008,1498.54
08/04/2008,1486.77
09/04/2008,1476.89
10/04/2008,1479.62
11/04/2008,1461.42
14/04/2008,1451.21
15/04/2008,1456.9
16/04/2008,1491.39
17/04/2008,1488.12
18/04/2008,1504.56
21/04/2008,1512.64
22/04/2008,1503.29
23/04/2008,1504.51
24/04/2008,1500.74
25/04/2008,1514.52
28/04/2008,1518.06
29/04/2008,1510.02
30/04/2008,1508.99
01/05/2008,1515.93
02/05/2008,1530.19
05/05/2008,1529.74
06/05/2008,1537.27
07/05/2008,1523.27
08/05/2008,1527.52
09/05/2008,1513.69
12/05/2008,1526.61
13/05/2008,1526.12
14/05/2008,1530.81
15/05/2008,1545.57
16/05/2008,1555.61
19/05/2008,1560.68
20/05/2008,1547.88
21/05/2008,1532.58
22/05/2008,1534.08
23/05/2008,1517.41
26/05/2008,1511.71
27/05/2008,1512.95
28/05/2008,1515.15
29/05/2008,1520.35
30/05/2008,1525.73
02/06/2008,1515.99
03/06/2008,1509.23
04/06/2008,1504.56
05/06/2008,1518.64
06/06/2008,1496.48
09/06/2008,1489.01
10/06/2008,1469.13
11/06/2008,1453.19
12/06/2008,1447.36
13/06/2008,1459.95
16/06/2008,1467.6
17/06/2008,1468.74
18/06/2008,1456.85
19/06/2008,1450.15
20/06/2008,1430.44
23/06/2008,1424.48
24/06/2008,1421.08
25/06/2008,1428.38
26/06/2008,1403.36
27/06/2008,1397.59
30/06/2008,1402.13
01/07/2008,1392.58
02/07/2008,1375.41
03/07/2008,1372.84
04/07/2008,1367.04
07/07/2008,1364.98
08/07/2008,1365.94
09/07/2008,1361.74
10/07/2008,1359.91
11/07/2008,1345.47
14/07/2008,1341.64
15/07/2008,1323.97
16/07/2008,1337.53
17/07/2008,1359.96
18/07/2008,1362.52
21/07/2008,1369.16
22/07/2008,1377.58
23/07/2008,1385.42
24/07/2008,1364.28
25/07/2008,1360.69
28/07/2008,1345.8
29/07/2008,1353.23
30/07/2008,1374.93
31/07/2008,1366.7
01/08/2008,1351.91
04/08/2008,1338.71
05/08/2008,1360.74
06/08/2008,1369.23
07/08/2008,1352.23
08/08/2008,1357.83
11/08/2008,1369.69
12/08/2008,1357.05
13/08/2008,1341.67
14/08/2008,1347.22
15/08/2008,1342.96
18/08/2008,1335.28
19/08/2008,1314.41
20/08/2008,1322.53
21/08/2008,1327.63
22/08/2008,1337.53
25/08/2008,1324.17
26/08/2008,1321.83
27/08/2008,1330.45
28/08/2008,1347.31
29/08/2008,1344.86
01/09/2008,1335.6
02/09/2008,1328.55
03/09/2008,1318.19
04/09/2008,1282.03
05/09/2008,1269.13
08/09/2008,1297.56
09/09/2008,1264.91
10/09/2008,1264.27
11/09/2008,1263.08
12/09/2008,1283.14
15/09/2008,1236.9
16/09/2008,1228.09
17/09/2008,1191.37
18/09/2008,1216.77
19/09/2008,1286.44
22/09/2008,1264.89
23/09/2008,1249.66
24/09/2008,1244.03
25/09/2008,1261.19
26/09/2008,1250.37
29/09/2008,1163.53
30/09/2008,1182.44
01/10/2008,1184.29
02/10/2008,1141.42
03/10/2008,1138.67
06/10/2008,1072.99
07/10/2008,1039.72
08/10/2008,1003.69
09/10/2008,958.04
10/10/2008,910.33
13/10/2008,997.02
14/10/2008,1022.59
15/10/2008,950.36
16/10/2008,937.09
17/10/2008,950.77
20/10/2008,989.59
21/10/2008,972.12
22/10/2008,909.84
23/10/2008,910.68
24/10/2008,871.64
27/10/2008,834.03
28/10/2008,892.19
29/10/2008,924.29
30/10/2008,952.15
31/10/2008,957.25
03/11/2008,961.49
04/11/2008,1007.65
05/11/2008,982.98
06/11/2008,925.09
07/11/2008,939.28
10/11/2008,940.76
11/11/2008,906.28
12/11/2008,869.98
13/11/2008,893.95
14/11/2008,879.42
17/11/2008,858.83
18/11/2008,861.51
19/11/2008,821.63
20/11/2008,771.52
21/11/2008,794.84
24/11/2008,849.29
25/11/2008,863.24
26/11/2008,876.87
27/11/2008,884.74
28/11/2008,892.93
01/12/2008,830.33
02/12/2008,846.74
03/12/2008,860.19
04/12/2008,844.58
05/12/2008,848.4
08/12/2008,894.89
09/12/2008,887.65
10/12/2008,899.09
11/12/2008,892.29
12/12/2008,885.37
15/12/2008,891.24
16/12/2008,917.07
17/12/2008,928.12
18/12/2008,919.44
19/12/2008,906.92
22/12/2008,892.73
23/12/2008,888.31
24/12/2008,887.96
25/12/2008,889.13
26/12/2008,893.42
29/12/2008,901.08
30/12/2008,915.97
31/12/2008,920.23
01/01/2009,920.23
02/01/2009,945.97
05/01/2009,945.27
06/01/2009,949.69
07/01/2009,939.6
08/01/2009,938.56
09/01/2009,922.63
12/01/2009,902.58
13/01/2009,889.42
14/01/2009,862.25
15/01/2009,853.35
16/01/2009,865.83
19/01/2009,859.62
20/01/2009,822.61
21/01/2009,838.43
22/01/2009,830.42
23/01/2009,825.38
26/01/2009,841.92
27/01/2009,854.46
28/01/2009,878.83
29/01/2009,857.93
30/01/2009,838.83
02/02/2009,828.89
03/02/2009,843.77
04/02/2009,847.95
05/02/2009,852.94
06/02/2009,870.74
09/02/2009,876.94
10/02/2009,846.42
11/02/2009,845.04
12/02/2009,837.68
13/02/2009,837.02
16/02/2009,831.04
17/02/2009,796.67
18/02/2009,791.38
19/02/2009,790.18
20/02/2009,772.84
23/02/2009,757.29
24/02/2009,767.79
25/02/2009,763.81
26/02/2009,763.75
27/02/2009,750.86
02/03/2009,713.85
03/03/2009,705.35
04/03/2009,722.38
05/03/2009,700.46
06/03/2009,697.5
09/03/2009,688.64
10/03/2009,725.26
11/03/2009,730.95
12/03/2009,745.53
13/03/2009,756.41
16/03/2009,765.19
17/03/2009,778.58
18/03/2009,788.83
19/03/2009,803.11
20/03/2009,789.93
23/03/2009,830.16
24/03/2009,824.07
25/03/2009,829.44
26/03/2009,841.53
27/03/2009,824.69
30/03/2009,792.65
31/03/2009,805.22
01/04/2009,817.56
02/04/2009,852.76
03/04/2009,854.9
06/04/2009,848.54
07/04/2009,832.79
08/04/2009,835.52
09/04/2009,861.37
10/04/2009,861.96
13/04/2009,866.41
14/04/2009,861.86
15/04/2009,863.48
16/04/2009,875.59
17/04/2009,881.27
20/04/2009,849.12
21/04/2009,856.38
22/04/2009,857.49
23/04/2009,864
24/04/2009,882.26
27/04/2009,876.43
28/04/2009,866.31
29/04/2009,886.03
30/04/2009,893.02
01/05/2009,896.22
04/05/2009,921.53
05/05/2009,922.55
06/05/2009,934.77
07/05/2009,933.92
08/05/2009,953.57
11/05/2009,943.52
12/05/2009,941.64
13/05/2009,919.73
14/05/2009,920.98
15/05/2009,920.85
18/05/2009,936.28
19/05/2009,947.68
20/05/2009,953.47
21/05/2009,937.59
22/05/2009,941.25
25/05/2009,942.67
26/05/2009,958.27
27/05/2009,952.14
28/05/2009,954.96
29/05/2009,970
01/06/2009,994.5
02/06/2009,1000.08
03/06/2009,982.99
04/06/2009,986.03
05/06/2009,982.29
08/06/2009,975.19
09/06/2009,982.64
10/06/2009,987.53
11/06/2009,996.86
12/06/2009,994.39
15/06/2009,968.5
16/06/2009,960.02
17/06/2009,952.44
18/06/2009,958.48
19/06/2009,964.8
22/06/2009,939.17
23/06/2009,938.31
24/06/2009,951.09
25/06/2009,957.56
26/06/2009,963.77
29/06/2009,970.77
30/06/2009,964.05
01/07/2009,972.85
02/07/2009,947.71
03/07/2009,946.8
06/07/2009,940.86
07/07/2009,929.9
08/07/2009,921.14
09/07/2009,926.6
10/07/2009,921.4
13/07/2009,934.78
14/07/2009,945.72
15/07/2009,972.24
16/07/2009,980.58
17/07/2009,982.5
20/07/2009,995.67
21/07/2009,1004.78
22/07/2009,1005.29
23/07/2009,1024.71
24/07/2009,1027.49
27/07/2009,1032.26
28/07/2009,1028.21
29/07/2009,1023.42
30/07/2009,1038.79
31/07/2009,1044.75
03/08/2009,1065.59
04/08/2009,1066.79
05/08/2009,1061.64
06/08/2009,1059.24
07/08/2009,1063.21
10/08/2009,1060.15
11/08/2009,1049.34
12/08/2009,1058.58
13/08/2009,1071.06
14/08/2009,1063.98
17/08/2009,1034.28
18/08/2009,1045.12
19/08/2009,1050.65
20/08/2009,1063.12
21/08/2009,1080.57
24/08/2009,1087.77
25/08/2009,1090.65
26/08/2009,1086.6
27/08/2009,1085.78
28/08/2009,1094.09
31/08/2009,1085.6
01/09/2009,1066.63
02/09/2009,1058.95
03/09/2009,1064.26
04/09/2009,1075.41
07/09/2009,1085.24
08/09/2009,1098.55
09/09/2009,1106.31
10/09/2009,1114.8
11/09/2009,1119.23
14/09/2009,1118.31
15/09/2009,1119.9
16/09/2009,1138.33
17/09/2009,1142.29
18/09/2009,1139.43
21/09/2009,1130.87
22/09/2009,1143.39
23/09/2009,1137.89
24/09/2009,1122.92
25/09/2009,1115.4
28/09/2009,1127.6
29/09/2009,1125.57
30/09/2009,1126.98
01/10/2009,1102.04
02/10/2009,1088.9
05/10/2009,1099.44
06/10/2009,1121.63
07/10/2009,1122.97
08/10/2009,1137.59
09/10/2009,1139.84
12/10/2009,1145.93
13/10/2009,1142.15
14/10/2009,1162.57
15/10/2009,1166.65
16/10/2009,1156.2
19/10/2009,1170.64
20/10/2009,1166.03
21/10/2009,1163.52
22/10/2009,1163.5
23/10/2009,1153.42
26/10/2009,1139.87
27/10/2009,1131.44
28/10/2009,1108.97
29/10/2009,1127.81
30/10/2009,1106.17
02/11/2009,1109.24
03/11/2009,1104.09
04/11/2009,1115.33
05/11/2009,1128.34
06/11/2009,1132.19
09/11/2009,1157.71
10/11/2009,1156.84
11/11/2009,1162.16
12/11/2009,1152.5
13/11/2009,1158.26
16/11/2009,1175.4
17/11/2009,1169.56
18/11/2009,1171.54
19/11/2009,1151.98
20/11/2009,1145.72
23/11/2009,1165.83
24/11/2009,1160.14
25/11/2009,1170.71
26/11/2009,1154.87
27/11/2009,1144.58
30/11/2009,1149.01
01/12/2009,1171.94
02/12/2009,1173.86
03/12/2009,1170.57
04/12/2009,1168.9
07/12/2009,1165.33
08/12/2009,1151.38
09/12/2009,1148.94
10/12/2009,1154.07
11/12/2009,1155.54
14/12/2009,1164.87
15/12/2009,1157.84
16/12/2009,1165.71
17/12/2009,1145.38
18/12/2009,1144.11
21/12/2009,1155.78
22/12/2009,1159.32
23/12/2009,1166.32
24/12/2009,1172.16
25/12/2009,1171.56
28/12/2009,1176.35
29/12/2009,1177.97
30/12/2009,1171.29
31/12/2009,1168.47
01/01/2010,1168.47
04/01/2010,1189.39
05/01/2010,1192.89
06/01/2010,1193.52
07/01/2010,1192.91
08/01/2010,1198.26
11/01/2010,1207.22
12/01/2010,1199.34
13/01/2010,1201.61
14/01/2010,1207.98
15/01/2010,1195.66
18/01/2010,1198.22
19/01/2010,1203.33
20/01/2010,1184.49
21/01/2010,1166.93
22/01/2010,1149.89
25/01/2010,1148.99
26/01/2010,1143.44
27/01/2010,1140.28
28/01/2010,1128.32
29/01/2010,1119.54
01/02/2010,1129.29
02/02/2010,1144.96
03/02/2010,1138.9
04/02/2010,1106.37
05/02/2010,1095.48
08/02/2010,1092.63
09/02/2010,1101.18
10/02/2010,1101.44
11/02/2010,1108.27
12/02/2010,1107.32
15/02/2010,1107.42
16/02/2010,1124.86
17/02/2010,1133.79
18/02/2010,1138.94
19/02/2010,1134.45
22/02/2010,1139.82
23/02/2010,1128.52
24/02/2010,1133.2
25/02/2010,1124.02
26/02/2010,1133.35
01/03/2010,1140.58
02/03/2010,1149.39
03/03/2010,1157.37
04/03/2010,1155.6
05/03/2010,1170.46
08/03/2010,1174.7
09/03/2010,1174.11
10/03/2010,1180.31
11/03/2010,1182.69
12/03/2010,1187.37
15/03/2010,1181.99
16/03/2010,1193.73
17/03/2010,1202.51
18/03/2010,1196.71
19/03/2010,1190.78
22/03/2010,1193.45
23/03/2010,1200.86
24/03/2010,1190.33
25/03/2010,1191.75
26/03/2010,1193.41
29/03/2010,1200.62
30/03/2010,1201.1
31/03/2010,1200.53
01/04/2010,1212.14
02/04/2010,1212.76
05/04/2010,1217.36
06/04/2010,1218.12
07/04/2010,1213.33
08/04/2010,1211.27
09/04/2010,1223.32
12/04/2010,1229.35
13/04/2010,1226.01
14/04/2010,1239.31
15/04/2010,1241.7
16/04/2010,1222.25
19/04/2010,1217.51
20/04/2010,1228.05
21/04/2010,1225.37
22/04/2010,1218.73
23/04/2010,1225.38
26/04/2010,1228.59
27/04/2010,1202.48
28/04/2010,1194.23
29/04/2010,1208.26
30/04/2010,1198.56
03/05/2010,1202.32
04/05/2010,1171.4
05/05/2010,1157.86
06/05/2010,1125.36
07/05/2010,1099.58
10/05/2010,1153.48
11/05/2010,1144.89
12/05/2010,1158.71
13/05/2010,1152.64
14/05/2010,1123.78
17/05/2010,1116.02
18/05/2010,1111.91
19/05/2010,1095.69
20/05/2010,1063.61
21/05/2010,1073.61
24/05/2010,1064.01
25/05/2010,1048.53
26/05/2010,1053.25
27/05/2010,1084.67
28/05/2010,1080.3
31/05/2010,1079.8
01/06/2010,1069.54
02/06/2010,1079.22
03/06/2010,1091
04/06/2010,1060.27
07/06/2010,1041.4
08/06/2010,1045.48
09/06/2010,1050.35
10/06/2010,1075.33
11/06/2010,1080.68
14/06/2010,1091.22
15/06/2010,1108.34
16/06/2010,1111.11
17/06/2010,1112.76
18/06/2010,1115.35
21/06/2010,1120.55
22/06/2010,1105.21
23/06/2010,1095.86
24/06/2010,1082.39
25/06/2010,1079.52
28/06/2010,1082.59
29/06/2010,1048.09
30/06/2010,1041.32
01/07/2010,1036.08
02/07/2010,1036.62
05/07/2010,1033.74
06/07/2010,1051.6
07/07/2010,1071.75
08/07/2010,1084.87
09/07/2010,1091.53
12/07/2010,1091.47
13/07/2010,1109.01
14/07/2010,1113.08
15/07/2010,1113.12
16/07/2010,1089.89
19/07/2010,1089.31
20/07/2010,1093.51
21/07/2010,1088.38
22/07/2010,1110.1
23/07/2010,1117.45
26/07/2010,1129.75
27/07/2010,1130.92
28/07/2010,1129.3
29/07/2010,1128.23
30/07/2010,1124.83
02/08/2010,1152.17
03/08/2010,1152.99
04/08/2010,1152.5
05/08/2010,1153.01
06/08/2010,1152.25
09/08/2010,1158.18
10/08/2010,1145.36
11/08/2010,1112.83
12/08/2010,1106.07
13/08/2010,1103.56
16/08/2010,1106.21
17/08/2010,1118.89
18/08/2010,1119.66
19/08/2010,1106.91
20/08/2010,1093.77
23/08/2010,1093.24
24/08/2010,1079.04
25/08/2010,1073.83
26/08/2010,1077.34
27/08/2010,1089.24
30/08/2010,1083.62
31/08/2010,1080.7
01/09/2010,1111.52
02/09/2010,1119.15
03/09/2010,1131.49
06/09/2010,1136.22
07/09/2010,1123.68
08/09/2010,1128.58
09/09/2010,1136.71
10/09/2010,1139.02
13/09/2010,1154.48
14/09/2010,1158.15
15/09/2010,1159.21
16/09/2010,1157.07
17/09/2010,1156.1
20/09/2010,1171.56
21/09/2010,1169.47
22/09/2010,1170.55
23/09/2010,1163.33
24/09/2010,1183.03
27/09/2010,1180.6
28/09/2010,1184.13
29/09/2010,1183.96
30/09/2010,1179.19
01/10/2010,1184.19
04/10/2010,1175.34
05/10/2010,1199
06/10/2010,1205.33
07/10/2010,1206.36
08/10/2010,1209.77
11/10/2010,1210.44
12/10/2010,1207.82
13/10/2010,1222.06
14/10/2010,1226.07
15/10/2010,1223.43
18/10/2010,1227.86
19/10/2010,1208.85
20/10/2010,1221.86
21/10/2010,1224.92
22/10/2010,1222.96
25/10/2010,1229.69
26/10/2010,1223.8
27/10/2010,1213.89
28/10/2010,1221.35
29/10/2010,1222.23
01/11/2010,1223.31
02/11/2010,1233.98
03/11/2010,1233.94
04/11/2010,1263.41
05/11/2010,1264.73
08/11/2010,1261.37
09/11/2010,1258.77
10/11/2010,1250.41
11/11/2010,1248.13
12/11/2010,1236.35
15/11/2010,1235.37
16/11/2010,1212.56
17/11/2010,1214.57
18/11/2010,1234.12
19/11/2010,1235.33
22/11/2010,1231.42
23/11/2010,1210.65
24/11/2010,1221.91
25/11/2010,1223.73
26/11/2010,1210.36
29/11/2010,1200.86
30/11/2010,1193.56
01/12/2010,1216.68
02/12/2010,1237.41
03/12/2010,1247.15
06/12/2010,1244.75
07/12/2010,1249.36
08/12/2010,1246.56
09/12/2010,1251.22
10/12/2010,1256.52
13/12/2010,1265.32
14/12/2010,1267.7
15/12/2010,1259.68
16/12/2010,1260.04
17/12/2010,1257.84
20/12/2010,1259.82
21/12/2010,1271.28
22/12/2010,1273.73
23/12/2010,1273.48
24/12/2010,1274.42
27/12/2010,1272.94
28/12/2010,1275.54
29/12/2010,1279.09
30/12/2010,1276.69
31/12/2010,1280.07
03/01/2011,1287.94
04/01/2011,1289.26
05/01/2011,1285.14
06/01/2011,1283.66
07/01/2011,1281.41
10/01/2011,1275.61
11/01/2011,1282.23
12/01/2011,1298.46
13/01/2011,1305.34
14/01/2011,1309
17/01/2011,1307.42
18/01/2011,1316.17
19/01/2011,1308.81
20/01/2011,1295.09
21/01/2011,1302.54
24/01/2011,1312.18
25/01/2011,1310.93
26/01/2011,1318.32
27/01/2011,1321.14
28/01/2011,1302.13
31/01/2011,1308.08
01/02/2011,1330.27
02/02/2011,1332.77
03/02/2011,1329.93
04/02/2011,1331.65
07/02/2011,1339.44
08/02/2011,1347.36
09/02/2011,1342.34
10/02/2011,1337.85
11/02/2011,1340.99
14/02/2011,1344.83
15/02/2011,1344.27
16/02/2011,1352.03
17/02/2011,1359.68
18/02/2011,1362.62
21/02/2011,1358.1
22/02/2011,1338.12
23/02/2011,1329.9
24/02/2011,1327.06
25/02/2011,1341.3
28/02/2011,1351.65
01/03/2011,1340.89
02/03/2011,1337.94
03/03/2011,1352.05
04/03/2011,1348.44
07/03/2011,1338.87
08/03/2011,1341.05
09/03/2011,1339.58
10/03/2011,1313.55
11/03/2011,1315.07
14/03/2011,1301.31
15/03/2011,1271.87
16/03/2011,1260.15
17/03/2011,1279.69
18/03/2011,1287.13
21/03/2011,1307.42
22/03/2011,1311.01
23/03/2011,1311.62
24/03/2011,1324.04
25/03/2011,1325.85
28/03/2011,1321.61
29/03/2011,1323.81
30/03/2011,1335.98
31/03/2011,1334.93
01/04/2011,1341.45
04/04/2011,1345.62
05/04/2011,1343.64
06/04/2011,1348.86
07/04/2011,1345.2
08/04/2011,1351.43
11/04/2011,1348.65
12/04/2011,1333.85
13/04/2011,1338.75
14/04/2011,1336.54
15/04/2011,1338.04
18/04/2011,1316.91
19/04/2011,1324.45
20/04/2011,1350.22
21/04/2011,1360.95
22/04/2011,1361.03
25/04/2011,1357.5
26/04/2011,1366.69
27/04/2011,1371.38
28/04/2011,1384.94
29/04/2011,1388.62
02/05/2011,1391.86
03/05/2011,1382.99
04/05/2011,1371.36
05/05/2011,1355.45
06/05/2011,1359.27
09/05/2011,1353.77
10/05/2011,1366.36
11/05/2011,1357.35
12/05/2011,1351.14
13/05/2011,1343.17
16/05/2011,1336.65
17/05/2011,1329.33
18/05/2011,1341.98
19/05/2011,1345.73
20/05/2011,1336.65
23/05/2011,1313.69
24/05/2011,1315.76
25/05/2011,1320.26
26/05/2011,1326.96
27/05/2011,1338.47
30/05/2011,1338.29
31/05/2011,1354.61
01/06/2011,1335.59
02/06/2011,1325.36
03/06/2011,1320.11
06/06/2011,1309.78
07/06/2011,1311.9
08/06/2011,1301.84
09/06/2011,1307.93
10/06/2011,1288.49
13/06/2011,1288.49
14/06/2011,1305.84
15/06/2011,1283.97
16/06/2011,1273.56
17/06/2011,1280.58
20/06/2011,1281.55
21/06/2011,1301.77
22/06/2011,1299.53
23/06/2011,1281.57
24/06/2011,1275.45
27/06/2011,1281.77
28/06/2011,1296.43
29/06/2011,1314
30/06/2011,1331.18
01/07/2011,1343.81
04/07/2011,1348.18
05/07/2011,1345.93
06/07/2011,1341.98
07/07/2011,1352.39
08/07/2011,1343.13
11/07/2011,1314.81
12/07/2011,1307.28
13/07/2011,1320.34
14/07/2011,1310.83
15/07/2011,1313.17
18/07/2011,1297.04
19/07/2011,1316.54
20/07/2011,1324.12
21/07/2011,1343.72
22/07/2011,1348.69
25/07/2011,1340.94
26/07/2011,1342.4
27/07/2011,1318.96
28/07/2011,1312.62
29/07/2011,1306.05
01/08/2011,1297.23
02/08/2011,1269.44
03/08/2011,1262.71
04/08/2011,1208.4
05/08/2011,1194.05
08/08/2011,1132.91
09/08/2011,1164.91
10/08/2011,1130.33
11/08/2011,1166.54
12/08/2011,1180.82
15/08/2011,1204.8
16/08/2011,1196.58
17/08/2011,1200.34
18/08/2011,1147.86
19/08/2011,1131.69
22/08/2011,1131.33
23/08/2011,1157.75
24/08/2011,1168.58
25/08/2011,1154.64
26/08/2011,1163.02
29/08/2011,1190.92
30/08/2011,1196.18
31/08/2011,1211.22
01/09/2011,1203.17
02/09/2011,1175.26
05/09/2011,1153.57
06/09/2011,1141.91
07/09/2011,1173.44
08/09/2011,1169.62
09/09/2011,1134.68
12/09/2011,1122.68
13/09/2011,1134.65
14/09/2011,1145.07
15/09/2011,1169.47
16/09/2011,1176.03
19/09/2011,1156.53
20/09/2011,1161.94
21/09/2011,1137.18
22/09/2011,1089.33
23/09/2011,1094.92
26/09/2011,1109.43
27/09/2011,1140.16
28/09/2011,1122.45
29/09/2011,1129.7
30/09/2011,1104.06
03/10/2011,1074.81
04/10/2011,1074.5
05/10/2011,1096.16
06/10/2011,1123.85
07/10/2011,1126.15
10/10/2011,1156.54
11/10/2011,1159.28
12/10/2011,1175.71
13/10/2011,1169.21
14/10/2011,1186.4
17/10/2011,1171.84
18/10/2011,1177.54
19/10/2011,1174.97
20/10/2011,1166.92
21/10/2011,1194.33
24/10/2011,1211.89
25/10/2011,1195.81
26/10/2011,1200.43
27/10/2011,1250.82
28/10/2011,1254.2
31/10/2011,1217.3
01/11/2011,1174.77
02/11/2011,1189.3
03/11/2011,1206.76
04/11/2011,1203.07
07/11/2011,1204.97
08/11/2011,1215.69
09/11/2011,1180.59
10/11/2011,1178.92
11/11/2011,1205.46
14/11/2011,1194.56
15/11/2011,1191.2
16/11/2011,1178.95
17/11/2011,1162.67
18/11/2011,1157.5
21/11/2011,1130.98
22/11/2011,1127.25
23/11/2011,1102.89
24/11/2011,1099.84
25/11/2011,1097.81
28/11/2011,1132.35
29/11/2011,1139.7
30/11/2011,1184.6
01/12/2011,1184.46
02/12/2011,1187.64
05/12/2011,1199.33
06/12/2011,1193.68
07/12/2011,1197.31
08/12/2011,1174.6
09/12/2011,1187.29
12/12/2011,1168.92
13/12/2011,1159.39
14/12/2011,1139.04
15/12/2011,1142.85
16/12/2011,1146.48
19/12/2011,1135.3
20/12/2011,1163.9
21/12/2011,1164.16
22/12/2011,1173.46
23/12/2011,1182.24
26/12/2011,1182.85
27/12/2011,1183.59
28/12/2011,1167.96
29/12/2011,1177.56
30/12/2011,1182.59
02/01/2012,1186.07
03/01/2012,1206.09
04/01/2012,1203.62
05/01/2012,1197.03
06/01/2012,1191.67
09/01/2012,1192.48
10/01/2012,1207.55
11/01/2012,1204.3
12/01/2012,1207.37
13/01/2012,1201.06
16/01/2012,1202.48
17/01/2012,1211.64
18/01/2012,1222.17
19/01/2012,1233
20/01/2012,1235.64
23/01/2012,1242.69
24/01/2012,1237.12
25/01/2012,1243.35
26/01/2012,1250.63
27/01/2012,1246.04
30/01/2012,1238.89
31/01/2012,1240.89
01/02/2012,1257.58
02/02/2012,1259.91
03/02/2012,1273.74
06/02/2012,1273.46
07/02/2012,1278.27
08/02/2012,1281.23
09/02/2012,1284.24
10/02/2012,1269.66
13/02/2012,1279.2
14/02/2012,1273.91
15/02/2012,1274.57
16/02/2012,1280.16
17/02/2012,1288.05
20/02/2012,1296.42
21/02/2012,1294.62
22/02/2012,1288.98
23/02/2012,1294.34
24/02/2012,1300.57
27/02/2012,1298.08
28/02/2012,1303
29/02/2012,1298.72
01/03/2012,1304.48
02/03/2012,1298.5
05/03/2012,1292.05
06/03/2012,1265.48
07/03/2012,1270.77
08/03/2012,1290.38
09/03/2012,1291.86
12/03/2012,1289.61
13/03/2012,1308.59
14/03/2012,1305.71
15/03/2012,1314.45
16/03/2012,1320.96
19/03/2012,1325.65
20/03/2012,1316.71
21/03/2012,1312.39
22/03/2012,1304.33
23/03/2012,1308.25
26/03/2012,1323.38
27/03/2012,1322.32
28/03/2012,1312.45
29/03/2012,1305.42
30/03/2012,1312.01
02/04/2012,1324.26
03/04/2012,1316.88
04/04/2012,1291.81
05/04/2012,1290.09
06/04/2012,1289.03
09/04/2012,1280.14
10/04/2012,1259.34
11/04/2012,1266.6
12/04/2012,1284.25
13/04/2012,1268.35
16/04/2012,1266.94
17/04/2012,1287.09
18/04/2012,1283.87
19/04/2012,1277.72
20/04/2012,1281.71
23/04/2012,1264.21
24/04/2012,1271.8
25/04/2012,1285.52
26/04/2012,1293.43
27/04/2012,1298.71
30/04/2012,1293.99
01/05/2012,1296.98
02/05/2012,1291.5
03/05/2012,1284.44
04/05/2012,1264.99
07/05/2012,1260.93
08/05/2012,1250.58
09/05/2012,1240.85
10/05/2012,1245.04
11/05/2012,1242.4
14/05/2012,1224.34
15/05/2012,1213.99
16/05/2012,1204.63
17/05/2012,1191.48
18/05/2012,1178.43
21/05/2012,1191.45
22/05/2012,1199.88
23/05/2012,1187.36
24/05/2012,1191.46
25/05/2012,1188.56
28/05/2012,1190.12
29/05/2012,1201.51
30/05/2012,1181.37
31/05/2012,1177.64
01/06/2012,1152.97
04/06/2012,1151.21
05/06/2012,1158.3
06/06/2012,1183.6
07/06/2012,1190.74
08/06/2012,1188.86
11/06/2012,1184.1
12/06/2012,1191.92
13/06/2012,1190.17
14/06/2012,1196
15/06/2012,1208.53
18/06/2012,1211.71
19/06/2012,1226.94
20/06/2012,1229.5
21/06/2012,1206.86
22/06/2012,1205.67
25/06/2012,1188.27
26/06/2012,1190.43
27/06/2012,1201.71
28/06/2012,1199.93
29/06/2012,1235.72
02/07/2012,1240.5
03/07/2012,1251.4
04/07/2012,1250.17
05/07/2012,1242.39
06/07/2012,1229.36
09/07/2012,1224.14
10/07/2012,1218.81
11/07/2012,1218.81
12/07/2012,1207.47
13/07/2012,1225.55
16/07/2012,1225.35
17/07/2012,1229.12
18/07/2012,1239.07
19/07/2012,1247.82
20/07/2012,1231.35
23/07/2012,1212.05
24/07/2012,1202.88
25/07/2012,1201.74
26/07/2012,1227.82
27/07/2012,1250.02
30/07/2012,1253.9
31/07/2012,1250.57
01/08/2012,1248.1
02/08/2012,1234.97
03/08/2012,1259.65
06/08/2012,1267.85
07/08/2012,1276.4
08/08/2012,1276.09
09/08/2012,1277.79
10/08/2012,1278.36
13/08/2012,1276.26
14/08/2012,1277.51
15/08/2012,1276.82
16/08/2012,1287.62
17/08/2012,1290.23
20/08/2012,1289.75
21/08/2012,1293.43
22/08/2012,1287.84
23/08/2012,1285.28
24/08/2012,1285.84
27/08/2012,1286.55
28/08/2012,1284.25
29/08/2012,1283.23
30/08/2012,1272.02
31/08/2012,1279.21
03/09/2012,1280.76
04/09/2012,1274.65
05/09/2012,1273.21
06/09/2012,1297.6
07/09/2012,1312.08
10/09/2012,1306.31
11/09/2012,1311.71
12/09/2012,1316.7
13/09/2012,1329.48
14/09/2012,1347.61
17/09/2012,1342.31
18/09/2012,1337.16
19/09/2012,1341.5
20/09/2012,1334.48
21/09/2012,1338.05
24/09/2012,1331.81
25/09/2012,1327.25
26/09/2012,1309.4
27/09/2012,1320.17
28/09/2012,1311.5
01/10/2012,1318.81
02/10/2012,1319.52
03/10/2012,1318.91
04/10/2012,1329
05/10/2012,1334.63
08/10/2012,1326.37
09/10/2012,1313.46
10/10/2012,1305.14
11/10/2012,1308.83
12/10/2012,1306.02
15/10/2012,1312.78
16/10/2012,1329.43
17/10/2012,1339.65
18/10/2012,1339.55
19/10/2012,1322.28
22/10/2012,1320.86
23/10/2012,1299.99
24/10/2012,1298.76
25/10/2012,1302.77
26/10/2012,1300.23
29/10/2012,1296.96
30/10/2012,1302.18
31/10/2012,1301.52
01/11/2012,1313.19
02/11/2012,1305.77
05/11/2012,1303.37
06/11/2012,1311.42
07/11/2012,1289.11
08/11/2012,1276.72
09/11/2012,1276.02
12/11/2012,1274.32
13/11/2012,1271.85
14/11/2012,1257.12
15/11/2012,1253.86
16/11/2012,1253.31
19/11/2012,1280.86
20/11/2012,1281.29
21/11/2012,1284.32
22/11/2012,1290.5
23/11/2012,1304.85
26/11/2012,1302.63
27/11/2012,1299.36
28/11/2012,1303.85
29/11/2012,1314.67
30/11/2012,1315.49
03/12/2012,1314.3
04/12/2012,1314.02
05/12/2012,1315.4
06/12/2012,1319.13
07/12/2012,1320.74
10/12/2012,1321.96
11/12/2012,1329.94
12/12/2012,1332.27
13/12/2012,1327.62
14/12/2012,1325.49
17/12/2012,1335.2
18/12/2012,1347.92
19/12/2012,1348.9
20/12/2012,1351.85
21/12/2012,1341.06
24/12/2012,1338.34
25/12/2012,1339.04
26/12/2012,1335.98
27/12/2012,1336.3
28/12/2012,1326.84
31/12/2012,1338.5
01/01/2013,1338.55
02/01/2013,1367.38
03/01/2013,1364.39
04/01/2013,1370.11
07/01/2013,1366.91
08/01/2013,1362.25
09/01/2013,1367.15
10/01/2013,1378.48
11/01/2013,1381.94
14/01/2013,1380.21
15/01/2013,1382.74
16/01/2013,1378.92
17/01/2013,1386.16
18/01/2013,1388.11
21/01/2013,1389.58
22/01/2013,1393.62
23/01/2013,1393.04
24/01/2013,1396.14
25/01/2013,1405.47
28/01/2013,1403.04
29/01/2013,1410.68
30/01/2013,1409.47
31/01/2013,1405.47
01/02/2013,1416.79
04/02/2013,1399.68
05/02/2013,1405.15
06/02/2013,1408.35
07/02/2013,1401.92
08/02/2013,1410.44
11/02/2013,1405.7
12/02/2013,1413.83
13/02/2013,1413.81
14/02/2013,1411.59
15/02/2013,1406.92
18/02/2013,1408.46
19/02/2013,1419.81
20/02/2013,1410.01
21/02/2013,1392.11
22/02/2013,1402.05
25/02/2013,1391.22
26/02/2013,1386.06
27/02/2013,1399.43
28/02/2013,1405.18
01/03/2013,1401.75
04/03/2013,1404.94
05/03/2013,1420.25
06/03/2013,1422.26
07/03/2013,1424.88
08/03/2013,1428.72
11/03/2013,1434.83
12/03/2013,1433.28
13/03/2013,1429.84
14/03/2013,1440.21
15/03/2013,1444.48
18/03/2013,1430.97
19/03/2013,1426.75
20/03/2013,1434.35
21/03/2013,1426.66
22/03/2013,1432.33
25/03/2013,1426.71
26/03/2013,1432.64
27/03/2013,1428.95
28/03/2013,1434.62
29/03/2013,1434.51
01/04/2013,1428.04
02/04/2013,1435.41
03/04/2013,1425.59
04/04/2013,1422.22
05/04/2013,1419.11
08/04/2013,1426.45
09/04/2013,1433.01
10/04/2013,1452.41
11/04/2013,1462.82
12/04/2013,1456.54
15/04/2013,1431.09
16/04/2013,1438.81
17/04/2013,1420.7
18/04/2013,1413.72
19/04/2013,1422.25
22/04/2013,1427.08
23/04/2013,1443.86
24/04/2013,1450.79
25/04/2013,1459.26
26/04/2013,1457.8
29/04/2013,1468.44
30/04/2013,1476.14
01/05/2013,1466.53
02/05/2013,1469.72
03/05/2013,1482.46
06/05/2013,1481.85
07/05/2013,1492.06
08/05/2013,1503.66
09/05/2013,1495.74
10/05/2013,1495.84
13/05/2013,1497.4
14/05/2013,1505.97
15/05/2013,1510.87
16/05/2013,1508.02
17/05/2013,1512.98
20/05/2013,1518.41
21/05/2013,1520.64
22/05/2013,1512.9
23/05/2013,1493.44
24/05/2013,1492.74
27/05/2013,1489.58
28/05/2013,1497.13
29/05/2013,1489.44
30/05/2013,1491.79
31/05/2013,1471.93
03/06/2013,1472.74
04/06/2013,1473.48
05/06/2013,1450.95
06/06/2013,1454.91
07/06/2013,1470.22
10/06/2013,1473.13
11/06/2013,1463.42
12/06/2013,1457.57
13/06/2013,1464.26
14/06/2013,1463.83
17/06/2013,1476.97
18/06/2013,1483.04
19/06/2013,1474.88
20/06/2013,1423.87
21/06/2013,1421.19
24/06/2013,1400.98
25/06/2013,1412.53
26/06/2013,1425.51
27/06/2013,1436.03
28/06/2013,1433.55
01/07/2013,1444.33
02/07/2013,1444.86
03/07/2013,1440.59
04/07/2013,1448.22
05/07/2013,1449.05
08/07/2013,1457.52
09/07/2013,1468.47
10/07/2013,1473.31
11/07/2013,1496.67
12/07/2013,1498.31
15/07/2013,1500.94
16/07/2013,1500.53
17/07/2013,1503.38
18/07/2013,1511.13
19/07/2013,1513.52
22/07/2013,1520.62
23/07/2013,1519.77
24/07/2013,1518.38
25/07/2013,1517.72
26/07/2013,1516.21
29/07/2013,1508.86
30/07/2013,1510.32
31/07/2013,1507.91
01/08/2013,1524.91
02/08/2013,1533.85
05/08/2013,1530.46
06/08/2013,1528.06
07/08/2013,1519.33
08/08/2013,1527.82
09/08/2013,1526.9
12/08/2013,1524.06
13/08/2013,1527.19
14/08/2013,1527.04
15/08/2013,1508.14
16/08/2013,1508.8
19/08/2013,1501.39
20/08/2013,1500.59
21/08/2013,1489.65
22/08/2013,1497.8
23/08/2013,1508.49
26/08/2013,1504.41
27/08/2013,1484.4
28/08/2013,1480.03
29/08/2013,1481.11
30/08/2013,1472.74
02/09/2013,1481.18
03/09/2013,1486.06
04/09/2013,1496.29
05/09/2013,1497.58
06/09/2013,1502.4
09/09/2013,1515.91
10/09/2013,1529.14
11/09/2013,1535.73
12/09/2013,1532.93
13/09/2013,1533.72
16/09/2013,1546.52
17/09/2013,1547.24
18/09/2013,1561.53
19/09/2013,1573.13
20/09/2013,1563.26
23/09/2013,1557.87
24/09/2013,1555.57
25/09/2013,1553.75
26/09/2013,1556.74
27/09/2013,1554.99
30/09/2013,1543.67
01/10/2013,1553.51
02/10/2013,1551.02
03/10/2013,1542.79
04/10/2013,1547.5
07/10/2013,1536.4
08/10/2013,1523.13
09/10/2013,1519.78
10/10/2013,1545.94
11/10/2013,1557.35
14/10/2013,1562.77
15/10/2013,1558.19
16/10/2013,1570.34
17/10/2013,1586.64
18/10/2013,1598.14
21/10/2013,1599.73
22/10/2013,1610.79
23/10/2013,1601.64
24/10/2013,1607.92
25/10/2013,1607.96
28/10/2013,1610.22
29/10/2013,1614.33
30/10/2013,1611.86
31/10/2013,1602.86
01/11/2013,1597.86
04/11/2013,1603.81
05/11/2013,1599.43
06/11/2013,1607.72
07/11/2013,1588.47
08/11/2013,1596.28
11/11/2013,1600.84
12/11/2013,1598.55
13/11/2013,1601.56
14/11/2013,1612.86
15/11/2013,1621.5
18/11/2013,1622.82
19/11/2013,1616.44
20/11/2013,1611.34
21/11/2013,1616.34
22/11/2013,1623.15
25/11/2013,1623.7
26/11/2013,1621.91
27/11/2013,1624.82
28/11/2013,1628.88
29/11/2013,1628.42
02/12/2013,1621.34
03/12/2013,1613.31
04/12/2013,1604.74
05/12/2013,1598.88
06/12/2013,1612.61
09/12/2013,1617.6
10/12/2013,1614.23
11/12/2013,1600.12
12/12/2013,1588.71
13/12/2013,1587.69
16/12/2013,1598.21
17/12/2013,1592.79
18/12/2013,1613.75
19/12/2013,1618.38
20/12/2013,1626.66
23/12/2013,1637.28
24/12/2013,1639.65
25/12/2013,1639.73
26/12/2013,1646.28
27/12/2013,1654.16
30/12/2013,1656.15
31/12/2013,1661.07
01/01/2014,1661.09
02/01/2014,1645.22
03/01/2014,1646.05
06/01/2014,1641.16
07/01/2014,1647.65
08/01/2014,1650.17
09/01/2014,1646.37
10/01/2014,1655.11
13/01/2014,1645.41
14/01/2014,1651.73
15/01/2014,1660
16/01/2014,1659.34
17/01/2014,1657.32
20/01/2014,1657.11
21/01/2014,1659.49
22/01/2014,1661.74
23/01/2014,1650.45
24/01/2014,1618.36
27/01/2014,1604.92
28/01/2014,1611.35
29/01/2014,1603.67
30/01/2014,1607.46
31/01/2014,1598.46
03/02/2014,1571.92
04/02/2014,1569.93
05/02/2014,1572.37
06/02/2014,1592.69
07/02/2014,1611.78
10/02/2014,1616.78
11/02/2014,1634.47
12/02/2014,1637.71
13/02/2014,1643.19
14/02/2014,1650.12
17/02/2014,1653.55
18/02/2014,1660.54
19/02/2014,1655.04
20/02/2014,1656.01
21/02/2014,1659.85
24/02/2014,1668.31
25/02/2014,1669.41
26/02/2014,1664.85
27/02/2014,1668.4
28/02/2014,1675.4
03/03/2014,1655.42
04/03/2014,1677.85
05/03/2014,1679.06
06/03/2014,1686.11
07/03/2014,1681.17
10/03/2014,1676.53
11/03/2014,1672.19
12/03/2014,1665.55
13/03/2014,1651.68
14/03/2014,1641.13
17/03/2014,1653.94
18/03/2014,1665.49
19/03/2014,1658.05
20/03/2014,1654.32
21/03/2014,1653.38
24/03/2014,1645.97
25/03/2014,1655.69
26/03/2014,1654.34
27/03/2014,1653.12
28/03/2014,1661.84
31/03/2014,1673.87
01/04/2014,1683.7
02/04/2014,1687.46
03/04/2014,1685.14
04/04/2014,1676.25
07/04/2014,1659.29
08/04/2014,1663.77
09/04/2014,1675.32
10/04/2014,1656.09
11/04/2014,1638.43
14/04/2014,1644.36
15/04/2014,1646.67
16/04/2014,1664.85
17/04/2014,1669.81
18/04/2014,1670.6
21/04/2014,1672.4
22/04/2014,1681.98
23/04/2014,1679.25
24/04/2014,1681.16
25/04/2014,1670.76
28/04/2014,1672.65
29/04/2014,1682.38
30/04/2014,1687.74
01/05/2014,1690.39
02/05/2014,1688.99
05/05/2014,1689.77
06/05/2014,1683.52
07/05/2014,1684.04
08/05/2014,1686.79
09/05/2014,1683.36
12/05/2014,1694.88
13/05/2014,1697.99
14/05/2014,1694.8
15/05/2014,1682.34
16/05/2014,1683.69
19/05/2014,1685.88
20/05/2014,1678.01
21/05/2014,1686.51
22/05/2014,1692.36
23/05/2014,1697.94
26/05/2014,1703.18
27/05/2014,1707.67
28/05/2014,1706.15
29/05/2014,1713.25
30/05/2014,1715.18
02/06/2014,1717.27
03/06/2014,1715.82
04/06/2014,1717.76
05/06/2014,1725.6
06/06/2014,1734.47
09/06/2014,1735.98
10/06/2014,1735.32
11/06/2014,1731.2
12/06/2014,1725.49
13/06/2014,1727.21
16/06/2014,1726.99
17/06/2014,1728.74
18/06/2014,1737.77
19/06/2014,1748.41
20/06/2014,1747.43
23/06/2014,1746.29
24/06/2014,1737.82
25/06/2014,1738.16
26/06/2014,1737.27
27/06/2014,1740.86
30/06/2014,1743.42
01/07/2014,1754.76
02/07/2014,1756.96
03/07/2014,1764.12
04/07/2014,1763.44
07/07/2014,1754.8
08/07/2014,1741.64
09/07/2014,1746.07
10/07/2014,1734.5
11/07/2014,1736.02
14/07/2014,1747.06
15/07/2014,1741.46
16/07/2014,1751.51
17/07/2014,1735.11
18/07/2014,1744.31
21/07/2014,1740.13
22/07/2014,1750.78
23/07/2014,1754.12
24/07/2014,1756.28
25/07/2014,1748.25
28/07/2014,1748.26
29/07/2014,1744.22
30/07/2014,1740.22
31/07/2014,1714.35
01/08/2014,1705.76
04/08/2014,1710.16
05/08/2014,1698.24
06/08/2014,1693.15
07/08/2014,1684.73
08/08/2014,1690.59
11/08/2014,1701.63
12/08/2014,1699.37
13/08/2014,1708.76
14/08/2014,1715.73
15/08/2014,1714.26
18/08/2014,1727.4
19/08/2014,1734.89
20/08/2014,1735.81
21/08/2014,1741.91
22/08/2014,1735.96
25/08/2014,1745.26
26/08/2014,1749.17
27/08/2014,1750.7
28/08/2014,1744.37
29/08/2014,1748.69
01/09/2014,1748.33
02/09/2014,1747.22
03/09/2014,1752
04/09/2014,1748.62
05/09/2014,1750.63
08/09/2014,1744.28
09/09/2014,1733.21
10/09/2014,1735.79
11/09/2014,1736.99
12/09/2014,1729.5
15/09/2014,1726.86
16/09/2014,1732.55
17/09/2014,1735.35
18/09/2014,1742.74
19/09/2014,1740.32
22/09/2014,1726.47
23/09/2014,1716.23
24/09/2014,1723.67
25/09/2014,1703.09
26/09/2014,1707.87
29/09/2014,1702.18
30/09/2014,1698.41
01/10/2014,1679.18
02/10/2014,1667.98
03/10/2014,1675.29
06/10/2014,1679.82
07/10/2014,1661.36
08/10/2014,1673.48
09/10/2014,1652.93
10/10/2014,1626.68
13/10/2014,1613.61
14/10/2014,1610.74
15/10/2014,1595.21
16/10/2014,1592.6
17/10/2014,1613.56
20/10/2014,1626.05
21/10/2014,1651.14
22/10/2014,1647.21
23/10/2014,1659.97
24/10/2014,1667.88
27/10/2014,1666.82
28/10/2014,1684.54
29/10/2014,1686.35
30/10/2014,1689.22
31/10/2014,1708.09
03/11/2014,1699.09
04/11/2014,1698.22
05/11/2014,1706.51
06/11/2014,1707.53
07/11/2014,1707.01
10/11/2014,1714.6
11/11/2014,1716.83
12/11/2014,1715.03
13/11/2014,1716.24
14/11/2014,1717.2
17/11/2014,1714.97
18/11/2014,1728.23
19/11/2014,1724.73
20/11/2014,1725.47
21/11/2014,1737.24
24/11/2014,1740.09
25/11/2014,1742.82
26/11/2014,1748
27/11/2014,1744.71
28/11/2014,1739.5
01/12/2014,1729.89
02/12/2014,1735.99
03/12/2014,1739.73
04/12/2014,1736.63
05/12/2014,1738.52
08/12/2014,1726.47
09/12/2014,1721.97
10/12/2014,1698.43
11/12/2014,1699.05
12/12/2014,1675.04
15/12/2014,1654.56
16/12/2014,1655.52
17/12/2014,1672.48
18/12/2014,1706.33
19/12/2014,1717
22/12/2014,1723.26
23/12/2014,1724.1
24/12/2014,1726.23
25/12/2014,1725.79
26/12/2014,1729.42
29/12/2014,1731.71
30/12/2014,1721.01
31/12/2014,1709.67
01/01/2015,1709.68
02/01/2015,1704.71
05/01/2015,1671.25
06/01/2015,1654.38
07/01/2015,1662.22
08/01/2015,1694.17
09/01/2015,1683.8
12/01/2015,1676.71
13/01/2015,1678.19
14/01/2015,1665.38
15/01/2015,1662.44
16/01/2015,1675.15
19/01/2015,1681.9
20/01/2015,1685.27
21/01/2015,1694.34
22/01/2015,1710.47
23/01/2015,1707.74
26/01/2015,1712.55
27/01/2015,1705.6
28/01/2015,1689.2
29/01/2015,1693.81
30/01/2015,1677.54
02/02/2015,1694.35
03/02/2015,1715.22
04/02/2015,1715.13
05/02/2015,1727.49
06/02/2015,1720.55
09/02/2015,1714.23
10/02/2015,1725.83
11/02/2015,1721.58
12/02/2015,1741.22
13/02/2015,1752.18
16/02/2015,1752.91
17/02/2015,1754.8
18/02/2015,1759.04
19/02/2015,1760.8
20/02/2015,1768.09
23/02/2015,1770.35
24/02/2015,1774.92
25/02/2015,1776.86
26/02/2015,1773.99
27/02/2015,1772.86
02/03/2015,1776.65
03/03/2015,1768.57
04/03/2015,1760.91
05/03/2015,1763.74
06/03/2015,1741.99
09/03/2015,1741.84
10/03/2015,1712.55
11/03/2015,1710.79
12/03/2015,1728.62
13/03/2015,1719.82
16/03/2015,1740.09
17/03/2015,1736.63
18/03/2015,1754.1
19/03/2015,1751.31
20/03/2015,1774.57
23/03/2015,1778
24/03/2015,1772.41
25/03/2015,1756.48
26/03/2015,1744.9
27/03/2015,1744.82
30/03/2015,1757.31
31/03/2015,1740.81
01/04/2015,1738.15
02/04/2015,1749.34
03/04/2015,1750.26
06/04/2015,1764.49
07/04/2015,1764.24
08/04/2015,1766.44
09/04/2015,1771.86
10/04/2015,1779.47
13/04/2015,1772.08
14/04/2015,1779.85
15/04/2015,1783.79
16/04/2015,1786.58
17/04/2015,1769.01
20/04/2015,1779.12
21/04/2015,1781.95
22/04/2015,1786.77
23/04/2015,1792.31
24/04/2015,1799.86
27/04/2015,1801.57
28/04/2015,1803.39
29/04/2015,1795.87
30/04/2015,1778.4
01/05/2015,1787.4
04/05/2015,1790.83
05/05/2015,1773.42
06/05/2015,1772.82
07/05/2015,1769.25
08/05/2015,1794.7
11/05/2015,1789.09
12/05/2015,1784.91
13/05/2015,1789.97
14/05/2015,1803.42
15/05/2015,1807.06
18/05/2015,1808.73
19/05/2015,1803.72
20/05/2015,1803.95
21/05/2015,1810.84
22/05/2015,1803.5
25/05/2015,1803.82
26/05/2015,1781.14
27/05/2015,1793.6
28/05/2015,1791.35
29/05/2015,1779.31
01/06/2015,1778.28
02/06/2015,1782.39
03/06/2015,1789.91
04/06/2015,1775.44
05/06/2015,1760.43
08/06/2015,1752.2
09/06/2015,1751.65
10/06/2015,1776.71
11/06/2015,1779.45
12/06/2015,1770.17
15/06/2015,1757.09
16/06/2015,1763.68
17/06/2015,1762.11
18/06/2015,1780.62
19/06/2015,1774.88
22/06/2015,1796.12
23/06/2015,1795.98
24/06/2015,1785.7
25/06/2015,1781.48
26/06/2015,1776.22
29/06/2015,1737.6
30/06/2015,1735.61
01/07/2015,1747.18
02/07/2015,1747.25
03/07/2015,1744.49
06/07/2015,1729.5
07/07/2015,1724.95
08/07/2015,1706.87
09/07/2015,1717.47
10/07/2015,1743.32
13/07/2015,1758.69
14/07/2015,1769.41
15/07/2015,1768.12
16/07/2015,1781.91
17/07/2015,1780.83
20/07/2015,1782.19
21/07/2015,1777.86
22/07/2015,1766.64
23/07/2015,1762.8
24/07/2015,1745.5
27/07/2015,1733.58
28/07/2015,1747.06
29/07/2015,1760.69
30/07/2015,1759.77
31/07/2015,1765.6
03/08/2015,1761.18
04/08/2015,1758.87
05/08/2015,1762.75
06/08/2015,1752.67
07/08/2015,1747.34
10/08/2015,1766.62
11/08/2015,1749.63
12/08/2015,1742.42
13/08/2015,1741.43
14/08/2015,1743.89
17/08/2015,1749.08
18/08/2015,1744.2
19/08/2015,1726.01
20/08/2015,1697.25
21/08/2015,1650.96
24/08/2015,1589.5
25/08/2015,1583.86
26/08/2015,1616.48
27/08/2015,1650.53
28/08/2015,1658.07
31/08/2015,1645.43
01/09/2015,1600.71
02/09/2015,1615.67
03/09/2015,1622.94
04/09/2015,1595.71
07/09/2015,1598.65
08/09/2015,1627.09
09/09/2015,1628.18
10/09/2015,1625.4
11/09/2015,1626.99
14/09/2015,1620.28
15/09/2015,1634.01
16/09/2015,1653.81
17/09/2015,1652.88
18/09/2015,1630.69
21/09/2015,1628.93
22/09/2015,1600.76
23/09/2015,1596.66
24/09/2015,1587.38
25/09/2015,1594.7
28/09/2015,1560.04
29/09/2015,1550.43
30/09/2015,1581.92
01/10/2015,1587.98
02/10/2015,1607.13
05/10/2015,1637.49
06/10/2015,1640.98
07/10/2015,1653.47
08/10/2015,1663.57
09/10/2015,1673.77
12/10/2015,1674.39
13/10/2015,1661.07
14/10/2015,1653.01
15/10/2015,1675.77
16/10/2015,1683.55
19/10/2015,1679.92
20/10/2015,1677.52
21/10/2015,1672.87
22/10/2015,1689.33
23/10/2015,1706.61
26/10/2015,1704.98
27/10/2015,1696.24
28/10/2015,1714.13
29/10/2015,1706.61
30/10/2015,1705.8
02/11/2015,1715.18
03/11/2015,1717.39
04/11/2015,1713.87
05/11/2015,1710.77
06/11/2015,1704.39
09/11/2015,1691.6
10/11/2015,1690.51
11/11/2015,1691.88
12/11/2015,1671.49
13/11/2015,1654.3
16/11/2015,1667.45
17/11/2015,1676.1
18/11/2015,1691.55
19/11/2015,1700.56
20/11/2015,1702.83
23/11/2015,1697.3
24/11/2015,1695.46
25/11/2015,1697.83
26/11/2015,1703.84
27/11/2015,1700.29
30/11/2015,1694.4
01/12/2015,1710.12
02/12/2015,1696.23
03/12/2015,1678.23
04/12/2015,1694.78
07/12/2015,1686.58
08/12/2015,1670.68
09/12/2015,1664.37
10/12/2015,1663.88
11/12/2015,1637.83
14/12/2015,1632.28
15/12/2015,1646.69
16/12/2015,1668.73
17/12/2015,1655.22
18/12/2015,1633.75
21/12/2015,1638.91
22/12/2015,1650.17
23/12/2015,1671.51
24/12/2015,1674
25/12/2015,1673.3
28/12/2015,1670.39
29/12/2015,1685.62
30/12/2015,1676.43
31/12/2015,1662.79
01/01/2016,1662.79
04/01/2016,1630.89
05/01/2016,1630.64
06/01/2016,1610.17
07/01/2016,1576.32
08/01/2016,1561.47
11/01/2016,1557.59
12/01/2016,1561.68
13/01/2016,1544.28
14/01/2016,1549.06
15/01/2016,1521
18/01/2016,1514.05
19/01/2016,1520.49
20/01/2016,1491.73
21/01/2016,1497.87
22/01/2016,1536.79
25/01/2016,1521.15
26/01/2016,1535.76
27/01/2016,1531.38
28/01/2016,1532.68
29/01/2016,1562.18
01/02/2016,1566.56
02/02/2016,1538.92
03/02/2016,1540.87
04/02/2016,1548.86
05/02/2016,1523.87
08/02/2016,1498.54
09/02/2016,1488.54
10/02/2016,1486.76
11/02/2016,1468.9
12/02/2016,1486.45
15/02/2016,1503.96
16/02/2016,1519.94
17/02/2016,1544.32
18/02/2016,1543.51
19/02/2016,1538.17
22/02/2016,1558.02
23/02/2016,1540.7
24/02/2016,1534.69
25/02/2016,1553.9
26/02/2016,1554.47
29/02/2016,1547.17
01/03/2016,1575.31
02/03/2016,1588.08
03/03/2016,1598.26
04/03/2016,1608.04
07/03/2016,1607.63
08/03/2016,1593.66
09/03/2016,1598.47
10/03/2016,1597.09
11/03/2016,1626.17
14/03/2016,1627.5
15/03/2016,1619.16
16/03/2016,1621.47
17/03/2016,1643
18/03/2016,1645.57
21/03/2016,1643.68
22/03/2016,1643.58
23/03/2016,1631.27
24/03/2016,1622.21
25/03/2016,1623.71
28/03/2016,1627.63
29/03/2016,1635.87
30/03/2016,1652.89
31/03/2016,1648.12
01/04/2016,1640.14
04/04/2016,1640.75
05/04/2016,1618.53
06/04/2016,1633.41
07/04/2016,1621.66
08/04/2016,1632.2
11/04/2016,1632.14
12/04/2016,1644.22
13/04/2016,1666.17
14/04/2016,1671.96
15/04/2016,1670.47
18/04/2016,1675.32
19/04/2016,1692.91
20/04/2016,1695.05
21/04/2016,1690.45
22/04/2016,1686.17
25/04/2016,1682.68
26/04/2016,1685.65
27/04/2016,1685.95
28/04/2016,1677.34
29/04/2016,1670.8
02/05/2016,1675.64
03/05/2016,1658.64
04/05/2016,1644.01
05/05/2016,1641.16
06/05/2016,1643.19
09/05/2016,1642.89
10/05/2016,1662.31
11/05/2016,1653.38
12/05/2016,1649.91
13/05/2016,1635.92
16/05/2016,1648.49
17/05/2016,1641.63
18/05/2016,1641.15
19/05/2016,1627.61
20/05/2016,1639.85
23/05/2016,1635.62
24/05/2016,1654.36
25/05/2016,1668.87
26/05/2016,1672.12
27/05/2016,1676.07
30/05/2016,1676.84
31/05/2016,1674.61
01/06/2016,1672.86
02/06/2016,1673.77
03/06/2016,1678.58
06/06/2016,1686.39
07/06/2016,1694.29
08/06/2016,1699.29
09/06/2016,1688.66
10/06/2016,1665.22
13/06/2016,1645.64
14/06/2016,1630.45
15/06/2016,1633.8
16/06/2016,1628.13
17/06/2016,1635.78
20/06/2016,1664.14
21/06/2016,1668.78
22/06/2016,1667.91
23/06/2016,1691.76
24/06/2016,1608.79
27/06/2016,1571.76
28/06/2016,1599.12
29/06/2016,1634.41
30/06/2016,1653.23
01/07/2016,1660.26
04/07/2016,1660.88
05/07/2016,1645.54
06/07/2016,1640.74
07/07/2016,1643.93
08/07/2016,1662.32
11/07/2016,1676.15
12/07/2016,1690.69
13/07/2016,1694.38
14/07/2016,1703.22
15/07/2016,1700.57
18/07/2016,1703.93
19/07/2016,1698.72
20/07/2016,1707.32
21/07/2016,1705.4
22/07/2016,1706.97
25/07/2016,1703.94
26/07/2016,1705.99
27/07/2016,1706.35
28/07/2016,1707.59
29/07/2016,1721.79
01/08/2016,1717.67
02/08/2016,1706.52
03/08/2016,1703.43
04/08/2016,1707.69
05/08/2016,1716.65
08/08/2016,1719.91
09/08/2016,1728.52
10/08/2016,1727.49
11/08/2016,1735.8
12/08/2016,1736.1
15/08/2016,1739.43
16/08/2016,1730.94
17/08/2016,1731.64
18/08/2016,1736.83
19/08/2016,1731.85
22/08/2016,1732.61
23/08/2016,1738.55
24/08/2016,1731.17
25/08/2016,1727.3
26/08/2016,1726.08
29/08/2016,1725.57
30/08/2016,1723.65
31/08/2016,1719.52
01/09/2016,1723.55
02/09/2016,1734.6
05/09/2016,1737.39
06/09/2016,1745.89
07/09/2016,1747.47
08/09/2016,1744.44
09/09/2016,1707.94
12/09/2016,1715.76
13/09/2016,1694.83
14/09/2016,1692.53
15/09/2016,1704.84
16/09/2016,1696.31
19/09/2016,1703.08
20/09/2016,1703.23
21/09/2016,1721.69
22/09/2016,1740.55
23/09/2016,1729.7
26/09/2016,1714.85
27/09/2016,1719.88
28/09/2016,1725.63
29/09/2016,1719.77
30/09/2016,1725.67
03/10/2016,1722.82
04/10/2016,1717.82
05/10/2016,1721.14
06/10/2016,1718.4
07/10/2016,1712.4
10/10/2016,1719.29
11/10/2016,1700.33
12/10/2016,1695.54
13/10/2016,1689.62
14/10/2016,1693.71
17/10/2016,1687.84
18/10/2016,1701.1
19/10/2016,1706.74
20/10/2016,1704.04
21/10/2016,1701.16
24/10/2016,1706.24
25/10/2016,1701.2
26/10/2016,1699.92
27/10/2016,1694.66
28/10/2016,1690.96
31/10/2016,1690.92
01/11/2016,1683.96
02/11/2016,1672.83
03/11/2016,1667.03
04/11/2016,1660.12
07/11/2016,1685.62
08/11/2016,1691.74
09/11/2016,1696.46
10/11/2016,1701.29
11/11/2016,1696.99
14/11/2016,1692.31
15/11/2016,1701.82
16/11/2016,1698.41
17/11/2016,1706.98
18/11/2016,1697.35
21/11/2016,1710.49
22/11/2016,1713.07
23/11/2016,1709.71
24/11/2016,1713.27
25/11/2016,1720.84
28/11/2016,1712.98
29/11/2016,1715.42
30/11/2016,1712.09
01/12/2016,1708.64
02/12/2016,1708.94
05/12/2016,1718.1
06/12/2016,1727.82
07/12/2016,1749.31
08/12/2016,1752.94
09/12/2016,1760.12
12/12/2016,1760.25
13/12/2016,1774.01
14/12/2016,1763.72
15/12/2016,1754.51
16/12/2016,1754.74
19/12/2016,1758.82
20/12/2016,1761.43
21/12/2016,1760.09
22/12/2016,1757.83
23/12/2016,1759.15
26/12/2016,1758.48
27/12/2016,1760.56
28/12/2016,1750.48
29/12/2016,1752.96
30/12/2016,1751.22
02/01/2017,1753.09
03/01/2017,1757.99
04/01/2017,1773.96
05/01/2017,1782.46
06/01/2017,1783.1
09/01/2017,1776.94
10/01/2017,1779.62
11/01/2017,1778.17
12/01/2017,1783.44
13/01/2017,1788.23
16/01/2017,1783.76
17/01/2017,1782.86
18/01/2017,1785.69
19/01/2017,1776.02
20/01/2017,1782.71
23/01/2017,1781.43
24/01/2017,1790.57
25/01/2017,1805.81
26/01/2017,1803.75
27/01/2017,1803.39
30/01/2017,1792.06
31/01/2017,1792.4
01/02/2017,1793.39
02/02/2017,1795.11
03/02/2017,1805.51
06/02/2017,1798.21
07/02/2017,1797.29
08/02/2017,1802.26
09/02/2017,1807.54
10/02/2017,1814.71
13/02/2017,1823.34
14/02/2017,1823.63
15/02/2017,1833.55
16/02/2017,1836.56
17/02/2017,1836.5
20/02/2017,1836.78
21/02/2017,1843.05
22/02/2017,1842.37
23/02/2017,1845.35
24/02/2017,1840.8
27/02/2017,1841.57
28/02/2017,1838.7
01/03/2017,1856.34
02/03/2017,1848.84
03/03/2017,1848.98
06/03/2017,1845.7
07/03/2017,1840.57
08/03/2017,1834.72
09/03/2017,1835.9
10/03/2017,1845.88
13/03/2017,1850.02
14/03/2017,1842.98
15/03/2017,1854.15
16/03/2017,1864.1
17/03/2017,1863.08
20/03/2017,1860.53
21/03/2017,1846.39
22/03/2017,1842.63
23/03/2017,1844.97
24/03/2017,1845.81
27/03/2017,1845.15
28/03/2017,1858.88
29/03/2017,1856.77
30/03/2017,1859.95
31/03/2017,1853.69
03/04/2017,1848.97
04/04/2017,1850.02
05/04/2017,1845.95
06/04/2017,1846.59
07/04/2017,1845.46
10/04/2017,1846.78
11/04/2017,1847.88
12/04/2017,1842.98
13/04/2017,1833.12
14/04/2017,1832.28
17/04/2017,1846.13
18/04/2017,1837.34
19/04/2017,1835.04
20/04/2017,1846.65
21/04/2017,1842.06
24/04/2017,1871.65
25/04/2017,1882.04
26/04/2017,1882.44
27/04/2017,1881.14
28/04/2017,1878.28
01/05/2017,1882.49
02/05/2017,1886.15
03/05/2017,1883.14
04/05/2017,1886.48
05/05/2017,1896.75
08/05/2017,1897.32
09/05/2017,1893.41
10/05/2017,1895.93
11/05/2017,1891.21
12/05/2017,1892.97
15/05/2017,1901.64
16/05/2017,1906.23
17/05/2017,1882.62
18/05/2017,1880.96
19/05/2017,1894.77
22/05/2017,1904.92
23/05/2017,1906.69
24/05/2017,1907.81
25/05/2017,1914.59
26/05/2017,1912.21
29/05/2017,1911.7
30/05/2017,1909.9
31/05/2017,1911.74
01/06/2017,1923.1
02/06/2017,1935.21
05/06/2017,1931.73
06/06/2017,1926.05
07/06/2017,1927.06
08/06/2017,1924.2
09/06/2017,1922.79
12/06/2017,1918.7
13/06/2017,1928.74
14/06/2017,1930.53
15/06/2017,1916.52
16/06/2017,1923.24
19/06/2017,1936.52
20/06/2017,1922.54
21/06/2017,1920
22/06/2017,1921.54
23/06/2017,1925.02
26/06/2017,1927.49
27/06/2017,1917.57
28/06/2017,1931.72
29/06/2017,1919.59
30/06/2017,1916.43
03/07/2017,1920.58
04/07/2017,1918.9
05/07/2017,1920.32
06/07/2017,1909.01
07/07/2017,1913.18
10/07/2017,1917.11
11/07/2017,1915.67
12/07/2017,1932.86
13/07/2017,1936.94
14/07/2017,1948.07
17/07/2017,1948.58
18/07/2017,1949.66
19/07/2017,1958.56
20/07/2017,1963.31
21/07/2017,1958.77
24/07/2017,1954.84
25/07/2017,1960.59
26/07/2017,1961.9
27/07/2017,1963.54
28/07/2017,1960.32
31/07/2017,1961.1
01/08/2017,1970.39
02/08/2017,1970.29
03/08/2017,1968.72
04/08/2017,1967.77
07/08/2017,1971.76
08/08/2017,1966.81
09/08/2017,1961.88
10/08/2017,1940.28
11/08/2017,1937.73
14/08/2017,1952.58
15/08/2017,1949.23
16/08/2017,1954.04
17/08/2017,1936.32
18/08/2017,1930.41
21/08/2017,1932.22
22/08/2017,1945.18
23/08/2017,1942.15
24/08/2017,1939.65
25/08/2017,1944.56
28/08/2017,1946.28
29/08/2017,1945.05
30/08/2017,1947.53
31/08/2017,1959.74
01/09/2017,1965.79
04/09/2017,1963.32
05/09/2017,1954.64
06/09/2017,1959.15
07/09/2017,1964.57
08/09/2017,1964.52
11/09/2017,1981.97
12/09/2017,1988.28
13/09/2017,1986.74
14/09/2017,1983.42
15/09/2017,1987.72
18/09/2017,1990.58
19/09/2017,1996.09
20/09/2017,1998.69
21/09/2017,1990.33
22/09/2017,1994.58
25/09/2017,1989.08
26/09/2017,1983.25
27/09/2017,1988
28/09/2017,1992.36
29/09/2017,2000.55
02/10/2017,2004.68
03/10/2017,2009.63
04/10/2017,2010.95
05/10/2017,2016.15
06/10/2017,2014.02
09/10/2017,2014.02
